facility_id,site_group,site_name,station_id,station_type,station use,aquifer,station_use,latitude,longitude,easting,northing,SZ_TOP(ft MSL),SZ_BOT(ft MSL),ground_elevation,reference_elevation_code,reference_elevation,total_depth,constr_obj_diameter,constr_obj_material,pump_type,completion_date,date_sealed
SRS,GSA,F & H-AREA HAZARDOUS WASTE MANAGEMENT FACILITIES  (GROUNDWATER),FAI-001A,MONITORING WELL,Auxiliary Observation,UAZ_UTRAU,ACTIVE ECO-SENSITIVE,33.27387168,-81.62290443,441989.564,3681629.999,232.3,231.3,250.1,C,252.63,19.1,2,PVC,NONE,3/22/2016,
SRS,GSA,F & H-AREA HAZARDOUS WASTE MANAGEMENT FACILITIES  (GROUNDWATER),FAI-001B,MONITORING WELL,Auxiliary Observation,UAZ_UTRAU,ACTIVE ECO-SENSITIVE,33.27387348,-81.62289138,441990.781,3681630.192,241.6,240.6,250.2,C,252.73,9.9,2,PVC,NONE,3/22/2016,
SRS,GSA,F & H-AREA HAZARDOUS WASTE MANAGEMENT FACILITIES  (GROUNDWATER),FAI-001C,MONITORING WELL,Auxiliary Observation,UAZ_UTRAU,ACTIVE ECO-SENSITIVE,33.27387396,-81.62289513,441990.432,3681630.247,243.68,242.68,250.2,C,252.74,7.82,2,PVC,NONE,3/22/2016,
SRS,GSA,F & H-AREA HAZARDOUS WASTE MANAGEMENT FACILITIES  (GROUNDWATER),FAI-001D,MONITORING WELL,Auxiliary Observation,UAZ_UTRAU,ACTIVE ECO-SENSITIVE,33.27387372,-81.62290053,441989.928,3681630.223,247.75,246.75,250.1,C,252.56,3.65,2,PVC,NONE,3/22/2016,
SRS,GSA,F & H-AREA HAZARDOUS WASTE MANAGEMENT FACILITIES  (GROUNDWATER),FAI-002A,MONITORING WELL,Auxiliary Observation,UAZ_UTRAU,ACTIVE ECO-SENSITIVE,33.2639607,-81.68546241,436156.287,3680567.719,166.88,165.88,185.1,C,187.58,3.65,2,PVC,NONE,3/29/2016,
SRS,GSA,F & H-AREA HAZARDOUS WASTE MANAGEMENT FACILITIES  (GROUNDWATER),FAI-002B,MONITORING WELL,Auxiliary Observation,UAZ_UTRAU,ACTIVE ECO-SENSITIVE,33.26395776,-81.68546022,436156.489,3680567.391,170.85,169.85,185.2,C,187.52,15.65,2,PVC,NONE,3/30/2016,
SRS,GSA,F & H-AREA HAZARDOUS WASTE MANAGEMENT FACILITIES  (GROUNDWATER),FAI-002C,MONITORING WELL,Auxiliary Observation,UAZ_UTRAU,ACTIVE ECO-SENSITIVE,33.26395437,-81.6854577,436156.721,3680567.014,180.81,179.81,185.2,C,187.79,5.69,2,PVC,NONE,3/30/2016,
SRS,GSA,F & H-AREA HAZARDOUS WASTE MANAGEMENT FACILITIES  (GROUNDWATER),FAI-002D,MONITORING WELL,Auxiliary Observation,UAZ_UTRAU,ACTIVE ECO-SENSITIVE,33.26395337,-81.68545259,436157.196,3680566.9,183.32,182.32,185.3,C,188.11,3.28,2,PVC,NONE,3/30/2016,
SRS,GSA,F & H-AREA HAZARDOUS WASTE MANAGEMENT FACILITIES  (GROUNDWATER),FAI-003A,MONITORING WELL,Auxiliary Observation,UAZ_UTRAU,ACTIVE ECO-SENSITIVE,33.26809175,-81.67817676,436837.856,3681021.276,167.45,166.45,185.4,C,188.12,19.25,2,PVC,NONE,4/5/2016,
SRS,GSA,F & H-AREA HAZARDOUS WASTE MANAGEMENT FACILITIES  (GROUNDWATER),FAI-003B,MONITORING WELL,Auxiliary Observation,UAZ_UTRAU,ACTIVE ECO-SENSITIVE,33.26809512,-81.67817517,436838.007,3681021.649,175.9,174.9,185.6,C,188.35,11,2,PVC,NONE,4/5/2016,
SRS,GSA,F & H-AREA HAZARDOUS WASTE MANAGEMENT FACILITIES  (GROUNDWATER),FAI-003C,MONITORING WELL,Auxiliary Observation,UAZ_UTRAU,ACTIVE ECO-SENSITIVE,33.26809798,-81.67817365,436838.15,3681021.964,183.1,182.1,185.8,C,188.22,4,2,PVC,NONE,4/5/2016,
SRS,GSA,F & H-AREA HAZARDOUS WASTE MANAGEMENT FACILITIES  (GROUNDWATER),FAI-003D,MONITORING WELL,Auxiliary Observation,UAZ_UTRAU,ACTIVE ECO-SENSITIVE,33.26810216,-81.67817424,436838.099,3681022.428,183.74,182.74,186,C,188.51,3.56,2,PVC,NONE,4/5/2016,
SRS,GSA,F & H-AREA HAZARDOUS WASTE MANAGEMENT FACILITIES  (GROUNDWATER),FAI-004A,MONITORING WELL,Auxiliary Observation,UAZ_UTRAU,ACTIVE ECO-SENSITIVE,33.27022454,-81.6758974,437051.68,3681256.351,169.1,168.1,187.9,C,190.65,20.1,2,PVC,NONE,4/13/2016,
SRS,GSA,F & H-AREA HAZARDOUS WASTE MANAGEMENT FACILITIES  (GROUNDWATER),FAI-004B,MONITORING WELL,Auxiliary Observation,UAZ_UTRAU,ACTIVE ECO-SENSITIVE,33.27022818,-81.67589763,437051.66,3681256.755,173.6,172.6,187.9,C,190.4,15.6,2,PVC,NONE,4/13/2016,
SRS,GSA,F & H-AREA HAZARDOUS WASTE MANAGEMENT FACILITIES  (GROUNDWATER),FAI-004C,MONITORING WELL,Auxiliary Observation,UAZ_UTRAU,ACTIVE ECO-SENSITIVE,33.27023038,-81.6758996,437051.479,3681257,185.41,184.41,187.9,C,190.32,3.79,2,PVC,NONE,4/13/2016,
SRS,GSA,F & H-AREA HAZARDOUS WASTE MANAGEMENT FACILITIES  (GROUNDWATER),FAI-004D,MONITORING WELL,Auxiliary Observation,UAZ_UTRAU,ACTIVE ECO-SENSITIVE,33.27023449,-81.67590069,437051.38,3681257.456,186.73,185.73,187.9,C,190.61,2.47,2,PVC,NONE,4/13/2016,
SRS,GSA,F & H-AREA HAZARDOUS WASTE MANAGEMENT FACILITIES  (GROUNDWATER),FAS-091,SURFACE WATER,FMB Seepline Surface Water Location,,ACTIVE ECO-SENSITIVE,33.27079548,-81.67618759,437025.062,3681319.823,,,189.32,G,,,,,,,
SRS,GSA,F & H-AREA HAZARDOUS WASTE MANAGEMENT FACILITIES  (GROUNDWATER),FAS-092,SURFACE WATER,FMB Seepline Surface Water Location,,ACTIVE ECO-SENSITIVE,33.27032439,-81.67541347,437096.821,3681267.129,,,184.45,G,,,,,,,
SRS,GSA,F & H-AREA HAZARDOUS WASTE MANAGEMENT FACILITIES  (GROUNDWATER),FAS-093,SURFACE WATER,FMB Seepline Surface Water Location,,ACTIVE,33.26782506,-81.67813629,436841.433,3680991.685,,,182.26,G,,,,,,,
SRS,GSA,F & H-AREA HAZARDOUS WASTE MANAGEMENT FACILITIES  (GROUNDWATER),FAS-093R,SURFACE WATER,FMB Seepline Surface Water Location,,ACTIVE ECO-SENSITIVE,33.2681288,-81.67811717,436843.4331,3681025.348,,,,G,,,,,,,
SRS,GSA,F & H-AREA HAZARDOUS WASTE MANAGEMENT FACILITIES  (GROUNDWATER),FAS-094,SURFACE WATER,FMB Seepline Surface Water Location,,ACTIVE,33.26976936,-81.67534622,437102.687,3681205.556,,,183.62,G,,,,,,,
SRS,GSA,F & H-AREA HAZARDOUS WASTE MANAGEMENT FACILITIES  (GROUNDWATER),FAS-095,SURFACE WATER,FMB Seepline Surface Water Location,,ACTIVE,33.26909285,-81.67629744,437013.609,3681131.127,,,183.77,G,,,,,,,
SRS,GSA,F & H-AREA HAZARDOUS WASTE MANAGEMENT FACILITIES  (GROUNDWATER),FAS-095R,SURFACE WATER,FMB Seepline Surface Water Location,,ACTIVE ECO-SENSITIVE,33.26938162,-81.67670414,436975.9379,3681163.388,,,,G,,,,,,,
SRS,GSA,F & H-AREA HAZARDOUS WASTE MANAGEMENT FACILITIES  (GROUNDWATER),FAS-096,SURFACE WATER,FMB Seepline Surface Water Location,,ACTIVE ECO-SENSITIVE,33.26727746,-81.68064673,436607.223,3680932.497,,,186.29,G,,,,,,,
SRS,GSA,F & H-AREA HAZARDOUS WASTE MANAGEMENT FACILITIES  (GROUNDWATER),FAS-097,SURFACE WATER,FMB Seepline Surface Water Location,,ACTIVE ECO-SENSITIVE,33.2666897,-81.6804052,436629.294,3680867.188,,,179.5,G,,,,,,,
SRS,GSA,F & H-AREA HAZARDOUS WASTE MANAGEMENT FACILITIES  (GROUNDWATER),FAS-103,SURFACE WATER,FMB Seepline Surface Water Location,,ACTIVE ECO-SENSITIVE,33.26507819,-81.68245384,436437.319,3680689.774,,,179,G,,,,,,,
SRS,GSA,F & H-AREA HAZARDOUS WASTE MANAGEMENT FACILITIES  (GROUNDWATER),FAW-001,MONITORING WELL,Auxiliary Observation,,ACTIVE,33.27307725,-81.68417973,436282.379,3681577.639,217.94,187.94,279.94,C,282.14,97,4,PVC,,7/30/2008,
SRS,GSA,F & H-AREA HAZARDOUS WASTE MANAGEMENT FACILITIES  (GROUNDWATER),FAW-005,MONITORING WELL,Auxiliary Observation,,ACTIVE,33.2714048,-81.67926579,436738.817,3681389.235,207.48,172.48,237.48,C,239.99,70,4,PVC,,8/1/2008,
SRS,GSA,F & H-AREA HAZARDOUS WASTE MANAGEMENT FACILITIES  (GROUNDWATER),FAW-006,MONITORING WELL,Auxiliary Observation,,ACTIVE,33.27167719,-81.68087726,436588.931,3681420.411,207.54,172.54,254.54,C,257.07,82.4,4,PVC,,4/6/2011,
SRS,GSA,F & H-AREA HAZARDOUS WASTE MANAGEMENT FACILITIES  (GROUNDWATER),FAW-007,MONITORING WELL,Auxiliary Observation,,ACTIVE,33.27283855,-81.67992442,436678.51,3681548.587,202.53,162.53,267.53,C,270.03,105.4,4,PVC,,4/12/2011,
SRS,GSA,F & H-AREA HAZARDOUS WASTE MANAGEMENT FACILITIES  (GROUNDWATER),FAW-008,MONITORING WELL,Auxiliary Observation,,ACTIVE,33.27631525,-81.68245953,436444.93,3681935.57,231.54,181.54,298.54,C,301.14,117.4,4,PVC,,4/14/2011,
SRS,GSA,F & H-AREA HAZARDOUS WASTE MANAGEMENT FACILITIES  (GROUNDWATER),FBI-001D,INJECTION WELL,Injection Well,,ABANDONED,33.27293625,-81.68081431,436595.7037,3681559.958,191.44,171.48,280.95,S,283.22,124,2,PVC,VARIABLE SPEED PUMP,3/7/2001,6/23/2003
SRS,GSA,F & H-AREA HAZARDOUS WASTE MANAGEMENT FACILITIES  (GROUNDWATER),FBI-002D,INJECTION WELL,Injection Well,,ABANDONED,33.27292367,-81.68067002,436609.1333,3681558.476,190.54,170.58,279.73,S,281.91,119,2,PVC,VARIABLE SPEED PUMP,3/1/2001,6/23/2003
SRS,GSA,F & H-AREA HAZARDOUS WASTE MANAGEMENT FACILITIES  (GROUNDWATER),FBI-003D,INJECTION WELL,Injection Well,,ABANDONED,33.27280934,-81.68078555,436598.291,3681545.871,193.42,173.46,279.13,S,281.4,114.04,2,PVC,VARIABLE SPEED PUMP,3/5/2001,6/24/2003
SRS,GSA,F & H-AREA HAZARDOUS WASTE MANAGEMENT FACILITIES  (GROUNDWATER),FBI-004D,INJECTION WELL,Injection Well,,ABANDONED,33.27279952,-81.68067856,436608.248,3681544.718,194.12,174.16,277.81,S,280.17,110,2,PVC,VARIABLE SPEED PUMP,3/4/2001,6/24/2003
SRS,GSA,F & H-AREA HAZARDOUS WASTE MANAGEMENT FACILITIES  (GROUNDWATER),FBI-005D,INJECTION WELL,Injection Well,,ABANDONED,33.27286118,-81.68054263,436620.952,3681551.47,197.79,177.83,277.73,S,280.01,114,2,PVC,VARIABLE SPEED PUMP,3/2/2001,6/24/2003
SRS,GSA,F & H-AREA HAZARDOUS WASTE MANAGEMENT FACILITIES  (GROUNDWATER),FBI-006D,INJECTION WELL,Injection Well,,ABANDONED,33.27263767,-81.68112142,436566.886,3681527.043,186.87,166.91,278.19,S,280.47,119,2,PVC,VARIABLE SPEED PUMP,2/13/2001,6/24/2003
SRS,GSA,F & H-AREA HAZARDOUS WASTE MANAGEMENT FACILITIES  (GROUNDWATER),FBI-007D,INJECTION WELL,Injection Well,,ABANDONED,33.27283966,-81.68010365,436661.819,3681548.818,191.48,171.52,270.5,S,272.92,109,2,PVC,VARIABLE SPEED PUMP,2/20/2001,6/24/2003
SRS,GSA,F & H-AREA HAZARDOUS WASTE MANAGEMENT FACILITIES  (GROUNDWATER),FBI-008D,INJECTION WELL,Injection Well,,ABANDONED,33.27289442,-81.68029737,436643.818,3681555.007,193.04,173.08,275.16,S,277.35,110,2,PVC,VARIABLE SPEED PUMP,2/18/2001,6/24/2003
SRS,GSA,F & H-AREA HAZARDOUS WASTE MANAGEMENT FACILITIES  (GROUNDWATER),FBI-009D,INJECTION WELL,Injection Well,,ABANDONED,33.27284919,-81.67994799,436676.323,3681549.78,187.71,167.73,268.01,S,270.23,108,2,PVC,VARIABLE SPEED PUMP,2/16/2001,6/23/2003
SRS,GSA,F & H-AREA HAZARDOUS WASTE MANAGEMENT FACILITIES  (GROUNDWATER),FBI-010D,MONITORING WELL,,,ABANDONED,33.27297114,-81.68010843,436661.469,3681563.398,190.87,170.89,273.49,S,275.74,109,2,PVC,VARIABLE SPEED PUMP,3/15/2001,6/24/2003
SRS,GSA,F & H-AREA HAZARDOUS WASTE MANAGEMENT FACILITIES  (GROUNDWATER),FBI-011D,MONITORING WELL,,,ABANDONED,33.2730397,-81.6794185,436725.773,3681570.581,183.76,163.8,266.24,S,268.52,110,2,PVC,VARIABLE SPEED PUMP,3/15/2001,6/23/2003
SRS,GSA,F & H-AREA HAZARDOUS WASTE MANAGEMENT FACILITIES  (GROUNDWATER),FBI-012D,MONITORING WELL,,,ABANDONED,33.27297963,-81.67985505,436685.073,3681564.185,186.92,166.94,269.92,S,272.19,110,2,PVC,VARIABLE SPEED PUMP,3/15/2001,6/23/2003
SRS,GSA,F & H-AREA HAZARDOUS WASTE MANAGEMENT FACILITIES  (GROUNDWATER),FBI-013D,MONITORING WELL,Auxiliary Observation,UAZ_UTRAU,ACTIVE,33.2717785,-81.67857144,436803.753,3681430.245,172.14,162.13,231.27,C,233.67,72,2,PVC,VARIABLE SPEED PUMP,4/4/2002,
SRS,GSA,F & H-AREA HAZARDOUS WASTE MANAGEMENT FACILITIES  (GROUNDWATER),FBI-014C,MONITORING WELL,Auxiliary Observation,LAZ_UTRAU,ACTIVE,33.27166736,-81.67745392,436907.751,3681417.247,158.78,148.78,222.8,S,225.58,76.52,2,PVC,VARIABLE SPEED PUMP,12/30/2003,
SRS,GSA,F & H-AREA HAZARDOUS WASTE MANAGEMENT FACILITIES  (GROUNDWATER),FBI-014D,MONITORING WELL,Plume Assessment Well,UAZ_UTRAU,ACTIVE,33.27162418,-81.6774153,436911.317,3681412.437,180.33,170.32,221.84,C,224.36,54.5,2,PVC,VARIABLE SPEED PUMP,3/22/2002,
SRS,GSA,F & H-AREA HAZARDOUS WASTE MANAGEMENT FACILITIES  (GROUNDWATER),FBI-015D,MONITORING WELL,Auxiliary Observation,UAZ_UTRAU,ACTIVE,33.2709165,-81.67738325,436913.793,3681333.961,188.91,178.88,210,C,212.81,35.5,2,PVC,VARIABLE SPEED PUMP,4/17/2002,
SRS,GSA,F & H-AREA HAZARDOUS WASTE MANAGEMENT FACILITIES  (GROUNDWATER),FBI-016C,MONITORING WELL,Auxiliary Observation,LAZ_UTRAU,ACTIVE,33.27139433,-81.67817267,436840.615,3681387.413,155.91,145,225,S,227.92,81.6,2,PVC,VARIABLE SPEED PUMP,12/19/2003,
SRS,GSA,F & H-AREA HAZARDOUS WASTE MANAGEMENT FACILITIES  (GROUNDWATER),FBI-016D,MONITORING WELL,Auxiliary Observation,UAZ_UTRAU,ACTIVE,33.27139859,-81.67822552,436835.695,3681387.918,178.14,168.09,225.21,C,227.82,62.5,2,PVC,VARIABLE SPEED PUMP,4/12/2002,
SRS,GSA,F & H-AREA HAZARDOUS WASTE MANAGEMENT FACILITIES  (GROUNDWATER),FBI-017D,MONITORING WELL,Auxiliary Observation,UAZ_UTRAU,ACTIVE,33.27081556,-81.67801569,436854.818,3681323.153,182.65,171.95,220.65,S,223.64,55.38,2,SS,VARIABLE SPEED PUMP,10/10/2002,
SRS,GSA,F & H-AREA HAZARDOUS WASTE MANAGEMENT FACILITIES  (GROUNDWATER),FBW-002D,PIEZOMETER WELL,,,ABANDONED,33.2716663,-81.67720082,436931.322,3681416.978,192.92,172.92,219.92,C,221.56,57,1,PVC,NONE,6/14/2004,3/4/2010
SRS,GSA,F & H-AREA HAZARDOUS WASTE MANAGEMENT FACILITIES  (GROUNDWATER),FEX-001,EXTRACTION WELL,Extraction Well,,ABANDONED,33.27103815,-81.67819168,436838.5875,3681347.937,195.96,171.01,224.46,C,225.95,58,6,PVC,SINGLE SPEED PUMP,1/10/1996,5/2/2008
SRS,GSA,F & H-AREA HAZARDOUS WASTE MANAGEMENT FACILITIES  (GROUNDWATER),FEX-002,EXTRACTION WELL,Extraction Well,,ABANDONED,33.27040936,-81.67823762,436833.8566,3681278.254,194.67,174.77,218.67,C,219.67,51,6,PVC,SINGLE SPEED PUMP,2/6/1996,5/2/2008
SRS,GSA,F & H-AREA HAZARDOUS WASTE MANAGEMENT FACILITIES  (GROUNDWATER),FEX-003,EXTRACTION WELL,Extraction Well,,ABANDONED,33.27057441,-81.67900401,436762.5983,3681297.016,200.82,180.87,230.82,C,233.32,57,6,PVC,SINGLE SPEED PUMP,1/15/1996,5/2/2008
SRS,GSA,F & H-AREA HAZARDOUS WASTE MANAGEMENT FACILITIES  (GROUNDWATER),FEX-004,EXTRACTION WELL,Plume Assessment Well,UAZ_UTRAU,ACTIVE,33.27036953,-81.67978285,436689.914,3681274.773,196.9,176.94,229.4,C,231.87,57,6,PVC,SINGLE SPEED PUMP,1/15/1996,
SRS,GSA,F & H-AREA HAZARDOUS WASTE MANAGEMENT FACILITIES  (GROUNDWATER),FEX-005,EXTRACTION WELL,Extraction Well,,ABANDONED,33.26997618,-81.68031672,436639.9081,3681231.489,201.46,181.56,224.46,C,225.46,51,6,PVC,SINGLE SPEED PUMP,1/17/1996,5/2/2008
SRS,GSA,F & H-AREA HAZARDOUS WASTE MANAGEMENT FACILITIES  (GROUNDWATER),FEX-006,EXTRACTION WELL,Extraction Well,,ABANDONED,33.26984794,-81.68110409,436566.4833,3681217.75,200.91,180.91,221.91,C,222.91,48,6,PVC,SINGLE SPEED PUMP,1/31/1996,5/2/2008
SRS,GSA,F & H-AREA HAZARDOUS WASTE MANAGEMENT FACILITIES  (GROUNDWATER),FEX-007,EXTRACTION WELL,Extraction Well,UAZ_UTRAU,ACTIVE,33.26981157,-81.68201693,436481.4393,3681214.273,204.77,199.77,225.77,C,226.77,54,6,PVC,SINGLE SPEED PUMP,1/18/1996,
SRS,GSA,F & H-AREA HAZARDOUS WASTE MANAGEMENT FACILITIES  (GROUNDWATER),FEX-008,EXTRACTION WELL,Extraction Well,,ABANDONED,33.27214345,-81.68131625,436548.3845,3681472.37,159.46,139.56,266.46,C,267.46,164,6,PVC,SINGLE SPEED PUMP,1/30/1996,5/2/2008
SRS,GSA,F & H-AREA HAZARDOUS WASTE MANAGEMENT FACILITIES  (GROUNDWATER),FEX-009,EXTRACTION WELL,Extraction Well,,ABANDONED,33.27221796,-81.68011917,436659.9251,3681479.903,141.52,111.42,253.52,C,254.52,147,6,PVC,SINGLE SPEED PUMP,1/25/1996,8/13/2008
SRS,GSA,F & H-AREA HAZARDOUS WASTE MANAGEMENT FACILITIES  (GROUNDWATER),FEX-010,EXTRACTION WELL,Extraction Well,,ABANDONED,33.272708,-81.68003002,436668.5813,3681534.178,204.95,170.12,264.95,C,265.95,102,6,PVC,SINGLE SPEED PUMP,8/7/1996,4/15/2008
SRS,GSA,F & H-AREA HAZARDOUS WASTE MANAGEMENT FACILITIES  (GROUNDWATER),FEX-011,EXTRACTION WELL,Extraction Well,,ABANDONED,33.27265375,-81.68066601,436609.3116,3681528.549,202.03,172.12,275.03,C,276.03,111.3,6,PVC,SINGLE SPEED PUMP,8/2/1996,8/13/2008
SRS,GSA,F & H-AREA HAZARDOUS WASTE MANAGEMENT FACILITIES  (GROUNDWATER),FEX-001R,EXTRACTION WELL,Extraction Well,,ABANDONED,33.27105809,-81.67814461,436842.986,3681350.119,178.95,169.45,224.05,S,227.62,67,6,PVC,,7/10/2002,5/2/2008
SRS,GSA,F & H-AREA HAZARDOUS WASTE MANAGEMENT FACILITIES  (GROUNDWATER),FEX-002R,EXTRACTION WELL,Extraction Well,,ABANDONED,33.27040048,-81.67819015,436838.271,3681277.241,182.91,172.91,218.31,S,221.99,57,6,PVC,,7/16/2002,5/2/2008
SRS,GSA,F & H-AREA HAZARDOUS WASTE MANAGEMENT FACILITIES  (GROUNDWATER),FEX-003R,EXTRACTION WELL,Extraction Well,,ABANDONED,33.27054292,-81.67894006,436768.532,3681293.486,193.31,183.51,229.01,S,232.39,87,6,PVC,,7/18/2002,5/2/2008
SRS,GSA,F & H-AREA HAZARDOUS WASTE MANAGEMENT FACILITIES  (GROUNDWATER),FEX-004R,EXTRACTION WELL,Extraction Well,,ABANDONED,33.27036986,-81.6797318,436694.668,3681274.78,185.41,175.41,229.81,S,233.45,67,6,PVC,,7/25/2002,5/2/2008
SRS,GSA,F & H-AREA HAZARDOUS WASTE MANAGEMENT FACILITIES  (GROUNDWATER),FIB-001,PIEZOMETER WELL,Auxiliary Observation,UAZ_UTRAU,ACTIVE,33.27096946,-81.67845571,436813.949,3681340.481,186.5,176.5,226.5,S,229.24,60,2,SS,,10/17/2002,
SRS,GSA,F & H-AREA HAZARDOUS WASTE MANAGEMENT FACILITIES  (GROUNDWATER),FIB-002,INJECTION WELL,Injection Well,,ABANDONED,33.2710401,-81.67847328,436812.363,3681348.323,186,176,226,S,229.38,57,2,SS,,10/17/2002,8/28/2003
SRS,GSA,F & H-AREA HAZARDOUS WASTE MANAGEMENT FACILITIES  (GROUNDWATER),FIB-003,INJECTION WELL,Injection Well,,ABANDONED,33.27111156,-81.67846749,436812.953,3681356.242,182,172,227,S,229.73,60.5,2,SS,,10/18/2002,8/28/2003
SRS,GSA,F & H-AREA HAZARDOUS WASTE MANAGEMENT FACILITIES  (GROUNDWATER),FIB-004,INJECTION WELL,Injection Well,,ABANDONED,33.27117929,-81.67844099,436815.47,3681363.735,182.1,172.1,227.1,S,229.82,63,2,SS,,10/17/2002,8/25/2003
SRS,GSA,F & H-AREA HAZARDOUS WASTE MANAGEMENT FACILITIES  (GROUNDWATER),FIB-005,INJECTION WELL,Injection Well,,ABANDONED,33.27123139,-81.67838405,436820.811,3681369.477,181.6,171.6,226.6,S,229.33,61,2,SS,,10/22/2002,8/25/2003
SRS,GSA,F & H-AREA HAZARDOUS WASTE MANAGEMENT FACILITIES  (GROUNDWATER),FIB-006,INJECTION WELL,Injection Well,,ABANDONED,33.27128668,-81.67832991,436825.893,3681375.573,181.1,171.1,226.1,S,228.56,62,2,SS,,10/18/2002,8/25/2003
SRS,GSA,F & H-AREA HAZARDOUS WASTE MANAGEMENT FACILITIES  (GROUNDWATER),FIB-007,INJECTION WELL,Injection Well,,ABANDONED,33.27131862,-81.67825144,436833.224,3681379.067,180,170,225,S,227.93,61,2,SS,,10/22/2002,8/25/2003
SRS,GSA,F & H-AREA HAZARDOUS WASTE MANAGEMENT FACILITIES  (GROUNDWATER),FIB-008,PIEZOMETER WELL,Auxiliary Observation,UAZ_UTRAU,ACTIVE,33.27133411,-81.67817112,436840.716,3681380.736,179.5,169.5,224.5,S,227.16,61,2,SS,,10/22/2002,
SRS,GSA,F & H-AREA HAZARDOUS WASTE MANAGEMENT FACILITIES  (GROUNDWATER),FIB-009,INJECTION WELL,Injection Well,UAZ_UTRAU,ACTIVE,33.26888369,-81.68214618,436468.73,3681111.481,194.03,184.03,221.58,,,39.95,2,SS,NONE,2/20/2004,
SRS,GSA,F & H-AREA HAZARDOUS WASTE MANAGEMENT FACILITIES  (GROUNDWATER),FIB-010,INJECTION WELL,Injection Well,UAZ_UTRAU,ACTIVE,33.268954,-81.6820005,436482.3402,3681119.265,196.9,186.9,221.9,G,,37.5,2,SS,NONE,11/30/2004,
SRS,GSA,F & H-AREA HAZARDOUS WASTE MANAGEMENT FACILITIES  (GROUNDWATER),FIB-011,INJECTION WELL,Injection Well,UAZ_UTRAU,ACTIVE,33.269019,-81.6818605,436495.4349,3681126.31,197,187,222,G,,37.5,2,SS,NONE,11/30/2004,
SRS,GSA,F & H-AREA HAZARDOUS WASTE MANAGEMENT FACILITIES  (GROUNDWATER),FIB-012,INJECTION WELL,Injection Well,UAZ_UTRAU,ACTIVE,33.2690844,-81.68171502,436509.0311,3681133.478,193.7,183.7,221.2,C,222.45,40,2,SS,NONE,12/1/2004,
SRS,GSA,F & H-AREA HAZARDOUS WASTE MANAGEMENT FACILITIES  (GROUNDWATER),FIB-013,INJECTION WELL,Injection Well,UAZ_UTRAU,ACTIVE,33.26914902,-81.6815725,436522.348,3681140.549,197.7,182.7,219.7,G,,39.5,2,SS,NONE,12/1/2004,
SRS,GSA,F & H-AREA HAZARDOUS WASTE MANAGEMENT FACILITIES  (GROUNDWATER),FIB-014,INJECTION WELL,Injection Well,UAZ_UTRAU,ACTIVE,33.2692165,-81.6813792,436540.3976,3681147.922,193.3,178.3,215.8,C,217.16,40,2,SS,NONE,12/2/2004,
SRS,GSA,F & H-AREA HAZARDOUS WASTE MANAGEMENT FACILITIES  (GROUNDWATER),FIB-015,INJECTION WELL,Injection Well,UAZ_UTRAU,ACTIVE,33.2693223,-81.6813194,436546.045,3681159.616,193.3,178.3,215.8,C,217.08,40,2,SS,NONE,12/2/2004,
SRS,GSA,F & H-AREA HAZARDOUS WASTE MANAGEMENT FACILITIES  (GROUNDWATER),FIB-016,INJECTION WELL,Injection Well,UAZ_UTRAU,ACTIVE,33.2693834,-81.681166,436560.335,3681166.287,193.7,178.7,216.2,G,,40,2,SS,NONE,12/2/2004,
SRS,GSA,F & H-AREA HAZARDOUS WASTE MANAGEMENT FACILITIES  (GROUNDWATER),FIB-017,INJECTION WELL,Injection Well,UAZ_UTRAU,ACTIVE,33.269386,-81.681054,436570.7652,3681166.507,200.3,185.3,215.8,G,,33,2,SS,NONE,12/2/2004,
SRS,GSA,F & H-AREA HAZARDOUS WASTE MANAGEMENT FACILITIES  (GROUNDWATER),FIB-018,INJECTION WELL,Injection Well,UAZ_UTRAU,ACTIVE,33.269512,-81.680873,436587.7261,3681180.403,199.3,189.3,216.8,C,218.12,30,2,SS,NONE,12/3/2004,
SRS,GSA,F & H-AREA HAZARDOUS WASTE MANAGEMENT FACILITIES  (GROUNDWATER),FIB-019,INJECTION WELL,Injection Well,UAZ_UTRAU,ACTIVE,33.26957158,-81.68073231,436600.9091,3681186.886,199.7,189.7,217.2,G,,30,2,SS,NONE,12/3/2004,
SRS,GSA,F & H-AREA HAZARDOUS WASTE MANAGEMENT FACILITIES  (GROUNDWATER),FIB-020,INJECTION WELL,Injection Well,UAZ_UTRAU,ACTIVE,33.269605,-81.6805422,436618.6321,3681190.509,199.25,189.25,217.75,C,219.04,31,2,SS,NONE,12/3/2004,
SRS,GSA,F & H-AREA HAZARDOUS WASTE MANAGEMENT FACILITIES  (GROUNDWATER),FIB-021,INJECTION WELL,Injection Well,UAZ_UTRAU,ACTIVE,33.2696803,-81.68042356,436629.743,3681198.751,194.85,184.85,219.35,C,220.89,37,2,SS,NONE,12/8/2004,
SRS,GSA,F & H-AREA HAZARDOUS WASTE MANAGEMENT FACILITIES  (GROUNDWATER),FIB-022,INJECTION WELL,Injection Well,UAZ_UTRAU,ACTIVE,33.27025755,-81.679629,436704.1552,3681262.266,193.6,178.6,228.1,G,,52,2,SS,NONE,12/8/2004,
SRS,GSA,F & H-AREA HAZARDOUS WASTE MANAGEMENT FACILITIES  (GROUNDWATER),FIB-023,INJECTION WELL,Injection Well,UAZ_UTRAU,ACTIVE,33.27031974,-81.67953056,436713.3737,3681269.101,194.1,179.1,228.6,G,,52,2,SS,NONE,12/10/2004,
SRS,GSA,F & H-AREA HAZARDOUS WASTE MANAGEMENT FACILITIES  (GROUNDWATER),FIB-024,INJECTION WELL,Injection Well,UAZ_UTRAU,ACTIVE,33.2703565,-81.679305,436734.4084,3681273.046,198.1,183.1,228.1,C,229.41,47.5,2,SS,NONE,12/9/2004,
SRS,GSA,F & H-AREA HAZARDOUS WASTE MANAGEMENT FACILITIES  (GROUNDWATER),FIB-025,INJECTION WELL,Injection Well,UAZ_UTRAU,ACTIVE,33.2704102,-81.6792024,436744.0009,3681278.932,200.7,185.7,229.2,G,,46,2,SS,NONE,12/9/2004,
SRS,GSA,F & H-AREA HAZARDOUS WASTE MANAGEMENT FACILITIES  (GROUNDWATER),FIB-026,INJECTION WELL,Injection Well,UAZ_UTRAU,ACTIVE,33.27052329,-81.6790787,436755.6016,3681291.395,198.95,183.95,230.45,C,231.77,49,2,SS,NONE,12/9/2004,
SRS,GSA,F & H-AREA HAZARDOUS WASTE MANAGEMENT FACILITIES  (GROUNDWATER),FIB-027,INJECTION WELL,Injection Well,,ABANDONED,33.27174514,-81.67695727,436954.061,3681425.571,192.06,172.06,216.9,C,217.69,45.34,2,SS,,4/23/2008,6/26/2009
SRS,GSA,F & H-AREA HAZARDOUS WASTE MANAGEMENT FACILITIES  (GROUNDWATER),FIB-027R,INJECTION WELL,Injection Well,UAZ_UTRAU,ACTIVE,33.2717414,-81.67696651,436953.198,3681425.162,197.79,177.79,216.79,G,,39.3,2,SS,,6/25/2009,
SRS,GSA,F & H-AREA HAZARDOUS WASTE MANAGEMENT FACILITIES  (GROUNDWATER),FIB-028,INJECTION WELL,Injection Well,,ABANDONED,33.27182718,-81.67681408,436967.456,3681434.58,190.41,170.41,215.41,C,216.23,45.5,2,SS,,4/22/2008,6/26/2009
SRS,GSA,F & H-AREA HAZARDOUS WASTE MANAGEMENT FACILITIES  (GROUNDWATER),FIB-028R,INJECTION WELL,Injection Well,UAZ_UTRAU,ACTIVE,33.27181698,-81.67682899,436966.06,3681433.458,196.58,176.58,215.58,G,,39.3,2,SS,,6/24/2009,
SRS,GSA,F & H-AREA HAZARDOUS WASTE MANAGEMENT FACILITIES  (GROUNDWATER),FIB-029,INJECTION WELL,Injection Well,,ABANDONED,33.27187314,-81.67666615,436981.266,3681439.586,188.43,168.43,213.35,C,214.21,45.42,2,SS,,4/23/2008,6/25/2009
SRS,GSA,F & H-AREA HAZARDOUS WASTE MANAGEMENT FACILITIES  (GROUNDWATER),FIB-029R,INJECTION WELL,Injection Well,UAZ_UTRAU,ACTIVE,33.27186731,-81.6766814,436979.841,3681438.949,193.45,173.45,213.65,G,,40.5,2,SS,,6/24/2009,
SRS,GSA,F & H-AREA HAZARDOUS WASTE MANAGEMENT FACILITIES  (GROUNDWATER),FIB-030,INJECTION WELL,Injection Well,UAZ_UTRAU,ACTIVE,33.27279563,-81.67672222,436976.707,3681541.892,197.45,,222.29,G,222.29,47,2,SS,NONE,8/15/2011,
SRS,GSA,F & H-AREA HAZARDOUS WASTE MANAGEMENT FACILITIES  (GROUNDWATER),FIB-031,INJECTION WELL,Injection Well,UAZ_UTRAU,ACTIVE,33.27290416,-81.67667878,436980.83,3681553.898,197.5,,223.24,G,223.24,47,2,SS,NONE,8/11/2011,
SRS,GSA,F & H-AREA HAZARDOUS WASTE MANAGEMENT FACILITIES  (GROUNDWATER),FIB-032,INJECTION WELL,Injection Well,UAZ_UTRAU,ACTIVE,33.27300355,-81.67662198,436986.191,3681564.882,198.33,,223.09,G,223.09,47,2,SS,NONE,8/15/2011,
SRS,GSA,F & H-AREA HAZARDOUS WASTE MANAGEMENT FACILITIES  (GROUNDWATER),FIB-033,INJECTION WELL,Injection Well,UAZ_UTRAU,ACTIVE,33.27310259,-81.67657236,436990.884,3681575.832,198.21,,222.98,G,222.98,47,2,SS,NONE,8/15/2011,
SRS,GSA,F & H-AREA HAZARDOUS WASTE MANAGEMENT FACILITIES  (GROUNDWATER),FIB-034,INJECTION WELL,Injection Well,UAZ_UTRAU,ACTIVE,33.27320465,-81.67651848,436995.976,3681587.114,200.27,,223.26,G,223.26,47,2,SS,NONE,8/15/2011,
SRS,GSA,F & H-AREA HAZARDOUS WASTE MANAGEMENT FACILITIES  (GROUNDWATER),FIN-001,INJECTION WELL,Injection Well,,ABANDONED,33.27516282,-81.68219588,436468.6481,3681807.646,215.03,190.08,285.03,C,287.54,108,6,PVC,,12/14/1995,8/13/2008
SRS,GSA,F & H-AREA HAZARDOUS WASTE MANAGEMENT FACILITIES  (GROUNDWATER),FIN-002,INJECTION WELL,Injection Well,,ABANDONED,33.27559865,-81.6815005,436533.724,3681855.541,212,187.06,287,C,289.5,107,6,PVC,,12/28/1995,3/20/1996
SRS,GSA,F & H-AREA HAZARDOUS WASTE MANAGEMENT FACILITIES  (GROUNDWATER),FIN-002R,INJECTION WELL,Injection Well,,ABANDONED,33.27561073,-81.6815386,436530.1847,3681856.903,212,187.1,287,C,288,107,6,PVC,,3/21/1996,7/9/1996
SRS,GSA,F & H-AREA HAZARDOUS WASTE MANAGEMENT FACILITIES  (GROUNDWATER),FIN-002RR,INJECTION WELL,Injection Well,,ABANDONED,33.2756415,-81.68145479,436538.0121,3681860.265,212.05,187.75,287.05,C,289.55,107,6,PVC,,7/10/1996,8/13/2008
SRS,GSA,F & H-AREA HAZARDOUS WASTE MANAGEMENT FACILITIES  (GROUNDWATER),FIN-003,INJECTION WELL,Injection Well,,ABANDONED,33.27580323,-81.6806462,436613.4322,3681877.703,235.44,195.54,288.44,C,289.44,103,6,PVC,,12/19/1995,8/13/2008
SRS,GSA,F & H-AREA HAZARDOUS WASTE MANAGEMENT FACILITIES  (GROUNDWATER),FIN-004,INJECTION WELL,Injection Well,,ABANDONED,33.27588519,-81.68006605,436667.5199,3681886.438,218.9,194,288.9,C,289.9,102,6,PVC,,12/14/1995,8/13/2008
SRS,GSA,F & H-AREA HAZARDOUS WASTE MANAGEMENT FACILITIES  (GROUNDWATER),FIN-005,INJECTION WELL,Injection Well,,ABANDONED,33.27640258,-81.6795277,436718.029,3681943.471,228.87,193.97,288.87,C,291.39,106,6,PVC,,12/19/1995,7/10/1996
SRS,GSA,F & H-AREA HAZARDOUS WASTE MANAGEMENT FACILITIES  (GROUNDWATER),FIN-005R,INJECTION WELL,Injection Well,UAZ_UTRAU,ACTIVE,33.2764368,-81.67955509,436715.5034,3681947.283,229.36,195.09,289.36,C,291.86,102,6,PVC,,7/11/1996,
SRS,GSA,F & H-AREA HAZARDOUS WASTE MANAGEMENT FACILITIES  (GROUNDWATER),FIN-006,INJECTION WELL,Injection Well,,ABANDONED,33.27776593,-81.67762254,436896.434,3682093.466,230.52,200.64,273.52,C,275.48,82,6,PVC,,12/22/1995,8/13/2008
SRS,GSA,F & H-AREA HAZARDOUS WASTE MANAGEMENT FACILITIES  (GROUNDWATER),FIN-007,INJECTION WELL,Injection Well,,ABANDONED,33.27760919,-81.67706476,436948.2659,3682075.752,227.04,197.14,262.04,C,264.54,75,6,PVC,,1/9/1996,8/13/2008
SRS,GSA,F & H-AREA HAZARDOUS WASTE MANAGEMENT FACILITIES  (GROUNDWATER),FIN-008,INJECTION WELL,Injection Well,,ABANDONED,33.27604455,-81.68052928,436624.4953,3681904.386,171.72,131.72,291.72,C,292.72,172,6,PVC,,12/12/1995,8/13/2008
SRS,GSA,F & H-AREA HAZARDOUS WASTE MANAGEMENT FACILITIES  (GROUNDWATER),FIN-009,INJECTION WELL,Injection Well,,ABANDONED,33.27783546,-81.67738064,436919.0111,3682101.029,170.81,125.91,268.81,C,271.31,150,6,PVC,,1/12/1996,8/13/2008
SRS,GSA,F & H-AREA HAZARDOUS WASTE MANAGEMENT FACILITIES  (GROUNDWATER),FIN-010,INJECTION WELL,Injection Well,,ABANDONED,33.27420307,-81.68245132,436444.164,3681701.4,201.44,176.17,276.57,C,277.57,115,6,PVC,,8/12/1996,8/13/2008
SRS,GSA,F & H-AREA HAZARDOUS WASTE MANAGEMENT FACILITIES  (GROUNDWATER),FIT-001,INJECTION WELL,Injection Well,UAZ_UTRAU,ACTIVE,33.26885206,-81.68228474,436455.802,3681108.06,193.56,183.56,221.08,C,223.38,39.97,2,SS,NONE,2/19/2004,
SRS,GSA,F & H-AREA HAZARDOUS WASTE MANAGEMENT FACILITIES  (GROUNDWATER),FIT-002,INJECTION WELL,Injection Well,UAZ_UTRAU,ACTIVE,33.2688501,-81.68244558,436440.821,3681107.94,186.06,176.06,221.08,C,223.54,47.5,2,SS,NONE,2/19/2004,
SRS,GSA,F & H-AREA HAZARDOUS WASTE MANAGEMENT FACILITIES  (GROUNDWATER),FIT-003,INJECTION WELL,Injection Well,UAZ_UTRAU,ACTIVE,33.26884822,-81.68261116,436425.398,3681107.832,184.97,174.97,222.47,C,224.91,50.04,2,SS,NONE,2/19/2004,
SRS,GSA,F & H-AREA HAZARDOUS WASTE MANAGEMENT FACILITIES  (GROUNDWATER),FIT-004,INJECTION WELL,Injection Well,UAZ_UTRAU,ACTIVE,33.26884476,-81.68277503,436410.133,3681107.548,185.6,175.6,223.13,C,225.7,50.08,2,SS,NONE,2/19/2004,
SRS,GSA,F & H-AREA HAZARDOUS WASTE MANAGEMENT FACILITIES  (GROUNDWATER),FIT-005,INJECTION WELL,Injection Well,UAZ_UTRAU,ACTIVE,33.26884049,-81.68293827,436394.926,3681107.175,183.73,173.75,223.95,C,226.11,52.53,2,SS,NONE,2/18/2004,
SRS,GSA,F & H-AREA HAZARDOUS WASTE MANAGEMENT FACILITIES  (GROUNDWATER),FIT-006,INJECTION WELL,Injection Well,UAZ_UTRAU,ACTIVE,33.26883825,-81.68310546,436379.354,3681107.029,185.47,175.47,225.54,C,227.85,52.54,2,SS,NONE,2/18/2004,
SRS,GSA,F & H-AREA HAZARDOUS WASTE MANAGEMENT FACILITIES  (GROUNDWATER),FIT-007,INJECTION WELL,Injection Well,UAZ_UTRAU,ACTIVE,33.26883584,-81.68327436,436363.621,3681106.864,186.83,176.83,226.83,C,229.29,52.52,2,SS,NONE,2/18/2004,
SRS,GSA,F & H-AREA HAZARDOUS WASTE MANAGEMENT FACILITIES  (GROUNDWATER),FIT-008,INJECTION WELL,Injection Well,UAZ_UTRAU,ACTIVE,33.26883215,-81.68343453,436348.701,3681106.552,187.09,177.09,227.09,C,229.56,52.4,2,SS,NONE,2/17/2004,
SRS,GSA,F & H-AREA HAZARDOUS WASTE MANAGEMENT FACILITIES  (GROUNDWATER),FIT-009,INJECTION WELL,Injection Well,UAZ_UTRAU,ACTIVE,33.26975254,-81.68041886,436630.234,3681206.758,190.69,180.71,220.73,C,223.1,42.42,2,SS,NONE,2/13/2004,
SRS,GSA,F & H-AREA HAZARDOUS WASTE MANAGEMENT FACILITIES  (GROUNDWATER),FIT-010,INJECTION WELL,Injection Well,UAZ_UTRAU,ACTIVE,33.26984232,-81.68028413,436642.847,3681216.629,184.76,174.75,222.14,C,224.49,49.94,2,SS,NONE,2/5/2004,
SRS,GSA,F & H-AREA HAZARDOUS WASTE MANAGEMENT FACILITIES  (GROUNDWATER),FIT-011,INJECTION WELL,Injection Well,UAZ_UTRAU,ACTIVE,33.26995422,-81.68015399,436655.048,3681228.955,183.77,173.77,223.77,C,226.29,52.47,2,SS,NONE,2/13/2004,
SRS,GSA,F & H-AREA HAZARDOUS WASTE MANAGEMENT FACILITIES  (GROUNDWATER),FIT-012,INJECTION WELL,Injection Well,UAZ_UTRAU,ACTIVE,33.27006465,-81.68002424,436667.212,3681241.119,180.38,170.38,225.38,C,228.1,57.45,2,SS,NONE,2/13/2004,
SRS,GSA,F & H-AREA HAZARDOUS WASTE MANAGEMENT FACILITIES  (GROUNDWATER),FIT-013,INJECTION WELL,Injection Well,UAZ_UTRAU,ACTIVE,33.27017522,-81.67991441,436677.52,3681253.312,179.3,169.3,226.8,C,229.27,60.01,2,SS,NONE,2/5/2004,
SRS,GSA,F & H-AREA HAZARDOUS WASTE MANAGEMENT FACILITIES  (GROUNDWATER),FIT-014,INJECTION WELL,Injection Well,UAZ_UTRAU,ACTIVE,33.27064023,-81.67904001,436759.293,3681304.335,199.41,184.42,231.77,C,232.68,50.05,2,SS,NONE,2/5/2004,
SRS,GSA,F & H-AREA HAZARDOUS WASTE MANAGEMENT FACILITIES  (GROUNDWATER),FIT-015,INJECTION WELL,Injection Well,UAZ_UTRAU,ACTIVE,33.2707543,-81.67890609,436771.847,3681316.9,195.61,180.64,230.44,C,233.09,52.42,2,SS,NONE,2/3/2004,
SRS,GSA,F & H-AREA HAZARDOUS WASTE MANAGEMENT FACILITIES  (GROUNDWATER),FIT-016,INJECTION WELL,Injection Well,UAZ_UTRAU,ACTIVE,33.27081672,-81.67874412,436786.977,3681323.723,192.05,177.07,229.1,C,231.97,54.98,2,SS,NONE,1/30/2004,
SRS,GSA,F & H-AREA HAZARDOUS WASTE MANAGEMENT FACILITIES  (GROUNDWATER),FIT-017,INJECTION WELL,Injection Well,UAZ_UTRAU,ACTIVE,33.27087166,-81.67854553,436805.513,3681329.693,187.59,172.6,227.33,C,229.99,57.43,2,SS,NONE,1/30/2004,
SRS,GSA,F & H-AREA HAZARDOUS WASTE MANAGEMENT FACILITIES  (GROUNDWATER),FIT-018,INJECTION WELL,Injection Well,UAZ_UTRAU,ACTIVE,33.27130878,-81.67794447,436861.806,3681377.791,182.52,167.51,222.38,C,225.14,57.52,2,SS,NONE,1/30/2004,
SRS,GSA,F & H-AREA HAZARDOUS WASTE MANAGEMENT FACILITIES  (GROUNDWATER),FIT-019,INJECTION WELL,Injection Well,UAZ_UTRAU,ACTIVE,33.27139776,-81.67781978,436873.483,3681387.58,188.28,173.26,223.19,C,225.75,52.53,2,SS,NONE,1/30/2004,
SRS,GSA,F & H-AREA HAZARDOUS WASTE MANAGEMENT FACILITIES  (GROUNDWATER),FIT-020,INJECTION WELL,Injection Well,UAZ_UTRAU,ACTIVE,33.27148705,-81.67769398,436885.264,3681397.403,188.89,173.9,223.43,C,225.99,52.42,2,SS,NONE,1/22/2004,
SRS,GSA,F & H-AREA HAZARDOUS WASTE MANAGEMENT FACILITIES  (GROUNDWATER),FIT-021,INJECTION WELL,Injection Well,UAZ_UTRAU,ACTIVE,33.2715701,-81.67757781,436896.143,3681406.54,190.78,175.76,222.8,C,225.5,49.94,2,SS,NONE,1/22/2004,
SRS,GSA,F & H-AREA HAZARDOUS WASTE MANAGEMENT FACILITIES  (GROUNDWATER),FIT-022,INJECTION WELL,Injection Well,UAZ_UTRAU,ACTIVE,33.27171885,-81.67748277,436905.101,3681422.974,189.52,174.5,224.03,C,226.62,52.51,2,SS,NONE,1/22/2004,
SRS,GSA,F & H-AREA HAZARDOUS WASTE MANAGEMENT FACILITIES  (GROUNDWATER),FIT-023,INJECTION WELL,Injection Well,,ABANDONED,33.27175942,-81.67732243,436920.063,3681427.375,187.54,172.54,222.14,,,52.5,2,SS,NONE,1/21/2004,3/30/2004
SRS,FMB,FOURMILE BRANCH INTEGRATOR OPERABLE UNIT (INCLUDING THE UN-NAMED TRIBUTARY OF F,FM-2BD,SURFACE WATER,FMB Seepline Surface Water Location,,ACTIVE ECO-SENSITIVE,33.27100088,-81.67353774,437272,3681341,,,,,,,,,,,
SRS,FMB,FOURMILE BRANCH INTEGRATOR OPERABLE UNIT (INCLUDING THE UN-NAMED TRIBUTARY OF F,FM-A7U,SURFACE WATER,FMB Seepline Surface Water Location,,ACTIVE ECO-SENSITIVE,33.26234403,-81.6863021,436076.9,3680389,,,,,,,,,,,
SRS,GSA,F & H-AREA HAZARDOUS WASTE MANAGEMENT FACILITIES  (GROUNDWATER),FMC-002F,SURFACE WATER,FMB Seepline Surface Water Location,,ACTIVE ECO-SENSITIVE,33.2665425,-81.67906676,436753.848,3680850.058,,,,,,,,,,,
SRS,GSA,F & H-AREA HAZARDOUS WASTE MANAGEMENT FACILITIES  (GROUNDWATER),FMC-002H,SURFACE WATER,FMB Seepline Surface Water Location,,ACTIVE ECO-SENSITIVE,33.27281534,-81.66825811,437765,3681539,,,,,,,,,,,
SRS,GSA,F & H-AREA HAZARDOUS WASTE MANAGEMENT FACILITIES  (GROUNDWATER),FOB-001D,MONITORING WELL,Auxiliary Observation,UAZ_UTRAU,ACTIVE,33.2706489,-81.67844657,436814.5686,3681304.937,195.36,175.36,223.36,C,225.86,53.1,2,PVC,,9/20/1996,
SRS,GSA,F & H-AREA HAZARDOUS WASTE MANAGEMENT FACILITIES  (GROUNDWATER),FOB-002C,MONITORING WELL,Auxiliary Observation,LAZ_UTRAU,ACTIVE,33.2702203,-81.68003614,436666.216,3681258.383,156.56,146.56,226.58,S,229.57,82.52,2,PVC,VARIABLE SPEED PUMP,12/31/2003,
SRS,GSA,F & H-AREA HAZARDOUS WASTE MANAGEMENT FACILITIES  (GROUNDWATER),FOB-002D,MONITORING WELL,Auxiliary Observation,UAZ_UTRAU,ACTIVE,33.27019059,-81.6800733,436662.7339,3681255.112,195.5,175.5,226.5,C,229,56,2,PVC,,10/10/1996,
SRS,GSA,F & H-AREA HAZARDOUS WASTE MANAGEMENT FACILITIES  (GROUNDWATER),FOB-003D,MONITORING WELL,Auxiliary Observation,UAZ_UTRAU,ACTIVE,33.26982878,-81.6815662,436523.4311,3681215.906,203.36,183.36,224.86,C,227.36,45.5,2,PVC,,9/17/1996,
SRS,GSA,F & H-AREA HAZARDOUS WASTE MANAGEMENT FACILITIES  (GROUNDWATER),FOB-004D,MONITORING WELL,Auxiliary Observation,UAZ_UTRAU,ACTIVE,33.2708913,-81.68145859,436534.2218,3681333.637,194.08,174.04,250.08,C,252.58,81.5,2,PVC,,9/23/1996,
SRS,GSA,F & H-AREA HAZARDOUS WASTE MANAGEMENT FACILITIES  (GROUNDWATER),FOB-005C,MONITORING WELL,Auxiliary Observation,LAZ_UTRAU,ACTIVE,33.27192175,-81.6807698,436599.1161,3681447.459,149.34,129.32,256.34,C,258.84,132,2,PVC,,10/11/1996,
SRS,GSA,F & H-AREA HAZARDOUS WASTE MANAGEMENT FACILITIES  (GROUNDWATER),FOB-007A,MONITORING WELL,Auxiliary Observation,GAU,ACTIVE,33.27595408,-81.68228803,436460.6394,3681895.425,105.43,85.4,295.43,C,297.93,215,2,PVC,,10/7/1996,
SRS,GSA,F & H-AREA HAZARDOUS WASTE MANAGEMENT FACILITIES  (GROUNDWATER),FOB-007C,MONITORING WELL,Auxiliary Observation,LAZ_UTRAU,ACTIVE,33.27599141,-81.68228964,436460.5168,3681899.565,168.85,148.87,295.85,C,298.35,152,2,PVC,,10/8/1996,
SRS,GSA,F & H-AREA HAZARDOUS WASTE MANAGEMENT FACILITIES  (GROUNDWATER),FOB-007D,MONITORING WELL,Auxiliary Observation,UAZ_UTRAU,ACTIVE,33.27602986,-81.6822891,436460.5947,3681903.828,213.85,193.85,295.85,C,298.35,107,2,PVC,,10/9/1996,
SRS,GSA,F & H-AREA HAZARDOUS WASTE MANAGEMENT FACILITIES  (GROUNDWATER),FOB-008D,MONITORING WELL,Auxiliary Observation,UAZ_UTRAU,ACTIVE,33.27484127,-81.68248073,436441.8879,3681772.171,211.37,191.4,286.37,C,288.87,100,2,PVC,,10/8/1996,
SRS,GSA,F & H-AREA HAZARDOUS WASTE MANAGEMENT FACILITIES  (GROUNDWATER),FOB-009C,MONITORING WELL,Auxiliary Observation,LAZ_UTRAU,ACTIVE,33.27624316,-81.68022735,436652.7571,3681926.222,175.53,155.53,292.53,C,295.03,142,2,PVC,,9/18/1996,
SRS,GSA,F & H-AREA HAZARDOUS WASTE MANAGEMENT FACILITIES  (GROUNDWATER),FOB-009D,MONITORING WELL,Auxiliary Observation,UAZ_UTRAU,ACTIVE,33.2762225,-81.68026938,436648.8277,3681923.957,212.63,192.63,292.63,C,295.13,105,2,PVC,,9/11/1996,
SRS,GSA,F & H-AREA HAZARDOUS WASTE MANAGEMENT FACILITIES  (GROUNDWATER),FOB-010D,MONITORING WELL,Auxiliary Observation,UAZ_UTRAU,ACTIVE,33.276406,-81.67934354,436735.1825,3681943.739,215.46,195.62,285.66,C,288.16,95,2,PVC,,9/12/1996,
SRS,GSA,F & H-AREA HAZARDOUS WASTE MANAGEMENT FACILITIES  (GROUNDWATER),FOB-011C,MONITORING WELL,Auxiliary Observation,LAZ_UTRAU,ACTIVE,33.27772311,-81.6769601,436958.0945,3682088.319,176.21,156.19,261.21,C,263.71,110,2,PVC,,9/10/1996,
SRS,GSA,F & H-AREA HAZARDOUS WASTE MANAGEMENT FACILITIES  (GROUNDWATER),FOB-011D,MONITORING WELL,Auxiliary Observation,UAZ_UTRAU,ACTIVE,33.27767983,-81.67696815,436957.3136,3682083.526,218.96,198.96,260.96,C,263.46,67,2,PVC,,9/9/1996,
SRS,GSA,F & H-AREA HAZARDOUS WASTE MANAGEMENT FACILITIES  (GROUNDWATER),FOB-012D,MONITORING WELL,Auxiliary Observation,UAZ_UTRAU,ACTIVE,33.27420087,-81.6825464,436435.3073,3681701.213,199.34,179.32,276.34,C,278.84,102,2,PVC,,10/8/1996,
SRS,GSA,F & H-AREA HAZARDOUS WASTE MANAGEMENT FACILITIES  (GROUNDWATER),FOB-013D,MONITORING WELL,Auxiliary Observation,UAZ_UTRAU,ACTIVE,33.27168575,-81.67690287,436959.085,3681418.954,185.03,175.02,215.11,S,217.92,42.59,2,PVC,VARIABLE SPEED PUMP,12/19/2003,
SRS,GSA,F & H-AREA HAZARDOUS WASTE MANAGEMENT FACILITIES  (GROUNDWATER),FOB-014C,MONITORING WELL,Auxiliary Observation,LAZ_UTRAU,ACTIVE,33.26946969,-81.67988081,436680.141,3681175.073,146.38,136.37,215.51,S,218.36,81.64,2,PVC,VARIABLE SPEED PUMP,12/30/2003,
SRS,GSA,F & H-AREA HAZARDOUS WASTE MANAGEMENT FACILITIES  (GROUNDWATER),FOB-014D,MONITORING WELL,Auxiliary Observation,UAZ_UTRAU,ACTIVE,33.26943814,-81.67988537,436679.693,3681171.577,185.09,175.09,215.01,S,217.82,42.42,2,PVC,VARIABLE SPEED PUMP,12/30/2003,
SRS,GSA,F & H-AREA HAZARDOUS WASTE MANAGEMENT FACILITIES  (GROUNDWATER),FOB-015D,MONITORING WELL,Auxiliary Observation,UAZ_UTRAU,ACTIVE,33.26894429,-81.68218193,436465.444,3681118.222,193.12,183.12,222.14,S,225.06,41.52,2,PVC,VARIABLE SPEED PUMP,12/30/2003,
SRS,GSA,F & H-AREA HAZARDOUS WASTE MANAGEMENT FACILITIES  (GROUNDWATER),FOB-016D,MONITORING WELL,Auxiliary Observation,UAZ_UTRAU,ACTIVE,33.27222898,-81.68004261,436667.064,3681481.078,183.65,163.63,251.73,S,254.52,90.6,2,PVC,VARIABLE SPEED PUMP,1/5/2004,
SRS,GSA,F & H-AREA HAZARDOUS WASTE MANAGEMENT FACILITIES  (GROUNDWATER),FOB-017C1,MONITORING WELL,Auxiliary Observation,LAZ_UTRAU,ACTIVE,,,436685.2596,3681285.243,148.95,,231.06,C,234.61,116.3,2,PVC,,,
SRS,GSA,F & H-AREA HAZARDOUS WASTE MANAGEMENT FACILITIES  (GROUNDWATER),FOB-017C2,MONITORING WELL,Auxiliary Observation,LAZ_UTRAU,ACTIVE,,,436685.2644,3681285.17,126.08,,231.06,C,234.33,116.3,2,PVC,,,
SRS,GSA,F & H-AREA HAZARDOUS WASTE MANAGEMENT FACILITIES  (GROUNDWATER),FOB-017D1,MONITORING WELL,Auxiliary Observation,UAZ_UTRAU,ACTIVE,,,436685.1352,3681285.167,202.18,,231.06,C,234.33,116.3,2,PVC,,,
SRS,GSA,F & H-AREA HAZARDOUS WASTE MANAGEMENT FACILITIES  (GROUNDWATER),FOB-017D2,MONITORING WELL,Auxiliary Observation,UAZ_UTRAU,ACTIVE,,,436685.192,3681285.21,188.99,,231.06,C,234.52,116.3,2,PVC,,10/2/2019,
SRS,GSA,F & H-AREA HAZARDOUS WASTE MANAGEMENT FACILITIES  (GROUNDWATER),FOB-017D3,MONITORING WELL,Auxiliary Observation,UAZ_UTRAU,ACTIVE,,,436685.183,3681285.126,174.66,,231.06,C,234.52,116.3,2,PVC,,10/2/2019,
SRS,GSA,F & H-AREA HAZARDOUS WASTE MANAGEMENT FACILITIES  (GROUNDWATER),FOB-018C1,MONITORING WELL,Auxiliary Observation,LAZ_UTRAU,ACTIVE,,,436696.2885,3681231.343,167.93,,221.75,C,225.07,88.3,2,PVC,,9/19/2019,
SRS,GSA,F & H-AREA HAZARDOUS WASTE MANAGEMENT FACILITIES  (GROUNDWATER),FOB-018C2,MONITORING WELL,Auxiliary Observation,LAZ_UTRAU,ACTIVE,,,436696.2231,3681231.349,141.57,,221.75,C,224.9,88.3,2,PVC,,9/18/2019,
SRS,GSA,F & H-AREA HAZARDOUS WASTE MANAGEMENT FACILITIES  (GROUNDWATER),FOB-018D1,MONITORING WELL,Auxiliary Observation,UAZ_UTRAU,ACTIVE,,,436696.2844,3681231.339,197.73,,221.75,C,225.12,86,2,PVC,,9/18/2019,
SRS,GSA,F & H-AREA HAZARDOUS WASTE MANAGEMENT FACILITIES  (GROUNDWATER),FOB-018D2,MONITORING WELL,Auxiliary Observation,UAZ_UTRAU,ACTIVE,,,436696.2411,3681231.386,185.82,,221.75,C,225.09,88.3,2,PVC,,9/18/2019,
SRS,GSA,F & H-AREA HAZARDOUS WASTE MANAGEMENT FACILITIES  (GROUNDWATER),FOB-018D3,MONITORING WELL,Auxiliary Observation,UAZ_UTRAU,,,,,,,,,C,,,,,,,
SRS,GSA,F & H-AREA HAZARDOUS WASTE MANAGEMENT FACILITIES  (GROUNDWATER),FOB-019C1,MONITORING WELL,Auxiliary Observation,LAZ_UTRAU,ACTIVE,,,436682.2814,3681181.612,149.39,,216.07,C,219.42,75.67,2,PVC,,9/9/2019,
SRS,GSA,F & H-AREA HAZARDOUS WASTE MANAGEMENT FACILITIES  (GROUNDWATER),FOB-019D1,MONITORING WELL,Auxiliary Observation,UAZ_UTRAU,ACTIVE,,,436682.3014,3681181.706,200.16,,216.07,C,219.27,75.67,2,PVC,,9/10/2019,
SRS,GSA,F & H-AREA HAZARDOUS WASTE MANAGEMENT FACILITIES  (GROUNDWATER),FOB-019D2,MONITORING WELL,Auxiliary Observation,UAZ_UTRAU,ACTIVE,,,436682.2612,3681181.567,189.6,,216.07,C,219.33,75.67,2,PVC,,9/10/2019,
SRS,GSA,F & H-AREA HAZARDOUS WASTE MANAGEMENT FACILITIES  (GROUNDWATER),FOB-019D3,MONITORING WELL,Auxiliary Observation,UAZ_UTRAU,ACTIVE,,,436682.3649,3681181.565,178.18,,216.07,C,219.35,75.67,2,PVC,,9/10/2019,
SRS,GSA,F & H-AREA HAZARDOUS WASTE MANAGEMENT FACILITIES  (GROUNDWATER),FOB-020C1,MONITORING WELL,Auxiliary Observation,LAZ_UTRAU,ACTIVE,,,436613.1986,3681402.978,161.25,,250.43,C,253.38,116.5,2,PVC,,9/25/2019,
SRS,GSA,F & H-AREA HAZARDOUS WASTE MANAGEMENT FACILITIES  (GROUNDWATER),FOB-020D1,MONITORING WELL,Auxiliary Observation,UAZ_UTRAU,ACTIVE,,,436613.1587,3681402.875,207.34,,250.43,C,253.36,116.5,2,PVC,,9/25/2019,
SRS,GSA,F & H-AREA HAZARDOUS WASTE MANAGEMENT FACILITIES  (GROUNDWATER),FOB-020D2,MONITORING WELL,Auxiliary Observation,UAZ_UTRAU,ACTIVE,,,436613.1045,3681402.913,196.27,,250.43,C,253.39,116.5,2,PVC,,9/25/2019,
SRS,GSA,F & H-AREA HAZARDOUS WASTE MANAGEMENT FACILITIES  (GROUNDWATER),FOB-020D3,MONITORING WELL,Auxiliary Observation,UAZ_UTRAU,ACTIVE,,,436613.1113,3681403.043,185.26,,250.43,C,253.41,116.5,2,PVC,,9/25/2019,
SRS,GSA,F & H-AREA HAZARDOUS WASTE MANAGEMENT FACILITIES  (GROUNDWATER),FOB-021C1,MONITORING WELL,Auxiliary Observation,LAZ_UTRAU,ACTIVE,,,436733.4405,3681485.044,149.33,,242.77,C,245.85,116.1,2,PVC,,10/9/2019,
SRS,GSA,F & H-AREA HAZARDOUS WASTE MANAGEMENT FACILITIES  (GROUNDWATER),FOB-021C2,MONITORING WELL,Auxiliary Observation,LAZ_UTRAU,ACTIVE,,,436733.4372,3681484.975,139.64,,242.77,C,245.85,116.1,2,PVC,,10/9/2019,
SRS,GSA,F & H-AREA HAZARDOUS WASTE MANAGEMENT FACILITIES  (GROUNDWATER),FOB-021D1,MONITORING WELL,Auxiliary Observation,UAZ_UTRAU,ACTIVE,,,436733.4269,3681484.938,206.79,,242.77,C,245.84,116.1,2,PVC,,10/9/2019,
SRS,GSA,F & H-AREA HAZARDOUS WASTE MANAGEMENT FACILITIES  (GROUNDWATER),FOB-021D2,MONITORING WELL,Auxiliary Observation,UAZ_UTRAU,ACTIVE,,,436733.4293,3681485.034,188.73,,242.77,C,245.72,116.1,2,PVC,,10/9/2019,
SRS,GSA,F & H-AREA HAZARDOUS WASTE MANAGEMENT FACILITIES  (GROUNDWATER),FOB-021D3,MONITORING WELL,Auxiliary Observation,UAZ_UTRAU,ACTIVE,,,436733.3727,3681484.979,171.82,,242.77,C,245.85,116.1,2,PVC,,10/9/2019,
SRS,GSA,F-AREA WETLANDS PIEZOMETERS FOR WATER TABLE MONITORING,FPZ-001A,PIEZOMETER WELL,Wetland Piezometer,UAZ_UTRAU,ACTIVE ECO-SENSITIVE,33.26827381,-81.68140898,436536.9487,3681043.42,184.51,182.01,197.9,C,200.06,16.31,2,PVC,,1/4/1996,
SRS,GSA,F-AREA WETLANDS PIEZOMETERS FOR WATER TABLE MONITORING,FPZ-002A,PIEZOMETER WELL,Wetland Piezometer,UAZ_UTRAU,ACTIVE ECO-SENSITIVE,33.26855628,-81.6813115,436546.2321,3681074.676,191.85,189.35,201.2,C,203.41,12.27,2,PVC,,1/4/1996,
SRS,GSA,F-AREA WETLANDS PIEZOMETERS FOR WATER TABLE MONITORING,FPZ-003A,PIEZOMETER WELL,Wetland Piezometer,UAZ_UTRAU,ACTIVE ECO-SENSITIVE,33.26779226,-81.67971739,436694.1507,3680989.005,190.86,175.86,194,C,196.97,21.53,2,PVC,,,
SRS,GSA,F-AREA WETLANDS PIEZOMETERS FOR WATER TABLE MONITORING,FPZ-004A,PIEZOMETER WELL,Wetland Piezometer,UAZ_UTRAU,ACTIVE ECO-SENSITIVE,33.27003888,-81.67878775,436782.3531,3681237.513,194.46,191.96,203.1,C,205.94,11.56,2,PVC,,1/3/1996,
SRS,GSA,F-AREA WETLANDS PIEZOMETERS FOR WATER TABLE MONITORING,FPZ-005A,PIEZOMETER WELL,Wetland Piezometer,UAZ_UTRAU,ACTIVE ECO-SENSITIVE,33.26910134,-81.67832202,436825.0539,3681133.292,179.1,176.6,190.9,C,192.78,14.72,2,PVC,,1/3/1996,
SRS,GSA,F-AREA WETLANDS PIEZOMETERS FOR WATER TABLE MONITORING,FPZ-005B,PIEZOMETER WELL,Wetland Piezometer,UAZ_UTRAU,ACTIVE ECO-SENSITIVE,33.26910134,-81.67832202,436825.0539,3681133.292,189.37,184.37,190.9,C,192.88,6.95,2,PVC,,5/28/1996,
SRS,GSA,F-AREA WETLANDS PIEZOMETERS FOR WATER TABLE MONITORING,FPZ-006A,PIEZOMETER WELL,Wetland Piezometer,UAZ_UTRAU,ACTIVE ECO-SENSITIVE,33.26898915,-81.67780875,436872.7774,3681120.544,178.02,175.52,189.4,C,191.54,14.3,2,PVC,,1/9/1996,
SRS,GSA,F-AREA WETLANDS PIEZOMETERS FOR WATER TABLE MONITORING,FPZ-006B,PIEZOMETER WELL,Wetland Piezometer,UAZ_UTRAU,ACTIVE ECO-SENSITIVE,33.26898915,-81.67780875,436872.7774,3681120.544,187.12,182.12,189.4,C,191.6,7.7,,,,5/28/1996,
SRS,GSA,F-AREA WETLANDS PIEZOMETERS FOR WATER TABLE MONITORING,FPZ-007A,PIEZOMETER WELL,Wetland Piezometer,UAZ_UTRAU,ACTIVE ECO-SENSITIVE,33.26977849,-81.6767944,436967.8166,3681207.441,186.75,184.25,194.5,C,196.16,10.67,2,PVC,,1/8/1996,
SRS,GSA,F-AREA WETLANDS PIEZOMETERS FOR WATER TABLE MONITORING,FPZ-007B,PIEZOMETER WELL,Wetland Piezometer,UAZ_UTRAU,ACTIVE ECO-SENSITIVE,33.26977849,-81.6767944,436967.8166,3681207.441,194.12,189.14,194.52,C,196.4,5.4,2,PVC,,5/28/1996,
SRS,GSA,F-AREA WETLANDS PIEZOMETERS FOR WATER TABLE MONITORING,FPZ-008A,PIEZOMETER WELL,Wetland Piezometer,,ABANDONED,33.2704569,-81.67588184,437053.2952,3681282.102,173.36,170.86,187.4,C,189.54,16.96,2,PVC,,1/8/1996,7/26/2006
SRS,GSA,F-AREA WETLANDS PIEZOMETERS FOR WATER TABLE MONITORING,FPZ-008B,PIEZOMETER WELL,Wetland Piezometer,,ABANDONED,33.2704569,-81.67588184,437053.2952,3681282.102,184.82,177.32,187.4,C,189.6,10.5,2,PVC,,5/29/1996,7/26/2006
SRS,GSA,F-AREA WETLANDS PIEZOMETERS FOR WATER TABLE MONITORING,FPZ-008AR,MONITORING WELL,Wetland Piezometer,UAZ_UTRAU,ACTIVE ECO-SENSITIVE,33.27026869,-81.67595301,437046.531,3681261.279,176.3,174.3,188.8,C,191.47,15,2,PVC,,7/27/2006,
SRS,GSA,F-AREA WETLANDS PIEZOMETERS FOR WATER TABLE MONITORING,FPZ-008BR,MONITORING WELL,Wetland Piezometer,UAZ_UTRAU,ACTIVE ECO-SENSITIVE,33.27026268,-81.67593907,437047.825,3681260.604,187.3,180.3,188.8,C,191.42,9,2,PVC,,7/25/2006,
SRS,GSA,F & H-AREA HAZARDOUS WASTE MANAGEMENT FACILITIES  (GROUNDWATER),FSB-000PC,EXTRACTION WELL,,,ABANDONED,33.27144751,-81.67868745,436792.71,3681393.62,155.7,105.8,230.8,C,232.7,128,4,PVC,UNKNOWN,9/21/1993,5/3/2004
SRS,GSA,F & H-AREA HAZARDOUS WASTE MANAGEMENT FACILITIES  (GROUNDWATER),FSB-000PD,PIEZOMETER WELL,,,ABANDONED,33.27198904,-81.68034304,436638.91,3681454.66,215.3,171.6,252.6,S,254.9,0,4,PVC,VARIABLE SPEED PUMP,10/29/1991,5/6/2004
SRS,GSA,F & H-AREA HAZARDOUS WASTE MANAGEMENT FACILITIES  (GROUNDWATER),FSB-025PC,EXTRACTION WELL,,,ABANDONED,33.27139581,-81.67873998,436787.78,3681387.92,156.5,106.6,231.8,C,233.8,131,2,PVC,UNKNOWN,9/17/1993,5/3/2004
SRS,GSA,F & H-AREA HAZARDOUS WASTE MANAGEMENT FACILITIES  (GROUNDWATER),FSB-025PD,PIEZOMETER WELL,,,ABANDONED,33.27192571,-81.68036145,436637.15,3681447.65,216.4,171.3,252.3,C,254.6,0,2,PVC,UNKNOWN,10/30/1991,5/4/2004
SRS,GSA,F & H-AREA HAZARDOUS WASTE MANAGEMENT FACILITIES  (GROUNDWATER),FSB-050PC,EXTRACTION WELL,,,ABANDONED,33.27133718,-81.67859007,436801.7,3681381.33,154.4,102,229.2,C,231.2,140,2,PVC,UNKNOWN,9/15/1993,5/3/2004
SRS,GSA,F & H-AREA HAZARDOUS WASTE MANAGEMENT FACILITIES  (GROUNDWATER),FSB-050PD,PIEZOMETER WELL,,,ABANDONED,33.27214381,-81.68037828,436635.74,3681471.84,219.8,174.7,255.7,C,258,0,2,PVC,UNKNOWN,11/1/1991,5/5/2004
SRS,GSA,F & H-AREA HAZARDOUS WASTE MANAGEMENT FACILITIES  (GROUNDWATER),FSB-076,MONITORING WELL,Plume Assessment Well,UAZ_UTRAU,ACTIVE,33.27802216,-81.67938507,436732.48,3682122.94,227,197,292,S,294.4,97.2,4,PVC,SINGLE SPEED PUMP,10/1/1981,
SRS,GSA,F & H-AREA HAZARDOUS WASTE MANAGEMENT FACILITIES  (GROUNDWATER),FSB-076A,MONITORING WELL,,,ABANDONED,33.27800526,-81.67935885,436734.91,3682121.05,47.4,36.9,291.5,S,294,257,4,PVC,SINGLE SPEED PUMP,10/24/1984,8/13/2008
SRS,GSA,F & H-AREA HAZARDOUS WASTE MANAGEMENT FACILITIES  (GROUNDWATER),FSB-076B,MONITORING WELL,,,ABANDONED,33.27798817,-81.67933413,436737.2,3682119.14,109.7,99.2,291.4,S,294.22,194.6,4,PVC,SINGLE SPEED PUMP,10/31/1984,8/13/2008
SRS,GSA,F & H-AREA HAZARDOUS WASTE MANAGEMENT FACILITIES  (GROUNDWATER),FSB-076C,MONITORING WELL,Plume Assessment Well,LAZ_UTRAU,ACTIVE,33.27796999,-81.67930843,436739.58,3682117.11,165.3,154.8,291.3,S,293.8,138.8,4,PVC,SINGLE SPEED PUMP,11/5/1984,
SRS,GSA,F & H-AREA HAZARDOUS WASTE MANAGEMENT FACILITIES  (GROUNDWATER),FSB-077,MONITORING WELL,,,ABANDONED,33.27468101,-81.67919759,436747.53,3681752.41,216.4,186.4,271.4,S,273.4,86.9,4,PVC,VARIABLE SPEED PUMP,10/7/1981,8/13/2008
SRS,GSA,F & H-AREA HAZARDOUS WASTE MANAGEMENT FACILITIES  (GROUNDWATER),FSB-078,MONITORING WELL,Plume Assessment Well,UAZ_UTRAU,ACTIVE,33.27297799,-81.67993141,436677.96,3681564.05,217.7,187.7,270.7,S,272.7,84.9,4,PVC,VARIABLE SPEED PUMP,10/8/1981,
SRS,GSA,F & H-AREA HAZARDOUS WASTE MANAGEMENT FACILITIES  (GROUNDWATER),FSB-078A,MONITORING WELL,Plume Assessment Well,GAU,ACTIVE,33.27297727,-81.6798978,436681.09,3681563.95,38.7,28.3,270.5,S,272.8,245.6,4,PVC,SINGLE SPEED PUMP,11/20/1984,
SRS,GSA,F & H-AREA HAZARDOUS WASTE MANAGEMENT FACILITIES  (GROUNDWATER),FSB-078B,MONITORING WELL,Plume Assessment Well,GAU,ACTIVE,33.27300514,-81.67989791,436681.1,3681567.04,92.8,82.4,270.8,S,273,190.4,4,PVC,SINGLE SPEED PUMP,11/28/1984,
SRS,GSA,F & H-AREA HAZARDOUS WASTE MANAGEMENT FACILITIES  (GROUNDWATER),FSB-078C,MONITORING WELL,Plume Assessment Well,LAZ_UTRAU,ACTIVE,33.27300576,-81.67993345,436677.79,3681567.13,151.4,141.6,271.4,S,273.6,131.9,4,PVC,VARIABLE SPEED PUMP,11/30/1984,
SRS,GSA,F & H-AREA HAZARDOUS WASTE MANAGEMENT FACILITIES  (GROUNDWATER),FSB-079,MONITORING WELL,Plume Assessment Well,UAZ_UTRAU,ACTIVE,33.27050249,-81.67785853,436869.23,3681288.35,204.1,174.1,216.1,S,218,43.7,4,PVC,VARIABLE SPEED PUMP,10/9/1981,
SRS,GSA,F & H-AREA HAZARDOUS WASTE MANAGEMENT FACILITIES  (GROUNDWATER),FSB-079A,MONITORING WELL,,,ABANDONED,33.27052174,-81.67783516,436871.42,3681290.47,35.9,25.4,216.1,S,218.2,194.1,4,PVC,SINGLE SPEED PUMP,11/13/1984,8/13/2008
SRS,GSA,F & H-AREA HAZARDOUS WASTE MANAGEMENT FACILITIES  (GROUNDWATER),FSB-079B,MONITORING WELL,Plume Assessment Well,GAU,ACTIVE,33.27054099,-81.67781309,436873.49,3681292.59,91.2,80.7,216.2,S,218.3,137.5,4,PVC,SINGLE SPEED PUMP,11/15/1984,
SRS,GSA,F & H-AREA HAZARDOUS WASTE MANAGEMENT FACILITIES  (GROUNDWATER),FSB-079C,MONITORING WELL,Plume Assessment Well,LAZ_UTRAU,ACTIVE,33.27056495,-81.67778493,436876.13,3681295.23,159.6,149.8,216.6,S,218.7,68.6,4,PVC,VARIABLE SPEED PUMP,2/27/1984,
SRS,GSA,F & H-AREA HAZARDOUS WASTE MANAGEMENT FACILITIES  (GROUNDWATER),FSB-087A,MONITORING WELL,,,ABANDONED,33.27475072,-81.68168756,436515.69,3681761.65,43.6,33.1,285.6,S,287.9,254.7,4,PVC,SINGLE SPEED PUMP,10/22/1984,6/30/2008
SRS,GSA,F & H-AREA HAZARDOUS WASTE MANAGEMENT FACILITIES  (GROUNDWATER),FSB-087B,MONITORING WELL,,,ABANDONED,33.27472247,-81.6817071,436513.85,3681758.53,100.5,90,285.5,S,287.6,197.5,4,PVC,SINGLE SPEED PUMP,11/1/1984,8/17/2002
SRS,GSA,F & H-AREA HAZARDOUS WASTE MANAGEMENT FACILITIES  (GROUNDWATER),FSB-087BR,MONITORING WELL,Point of Compliance Well,GAU,ACTIVE,33.27471417,-81.68174616,436510.206,3681757.633,96.25,86.15,286.25,S,288.72,206,2,PVC,VARIABLE SPEED PUMP,9/6/2002,
SRS,GSA,F & H-AREA HAZARDOUS WASTE MANAGEMENT FACILITIES  (GROUNDWATER),FSB-087C,MONITORING WELL,Point of Compliance Well,LAZ_UTRAU,ACTIVE,33.27469242,-81.68172748,436511.93,3681755.21,159.65,149.15,285.65,S,287.97,138.7,4,PVC,SINGLE SPEED PUMP,11/7/1984,
SRS,GSA,F & H-AREA HAZARDOUS WASTE MANAGEMENT FACILITIES  (GROUNDWATER),FSB-087D,MONITORING WELL,Point of Compliance Well,UAZ_UTRAU,ACTIVE,33.27466001,-81.68174902,436509.9,3681751.63,216.8,187.4,285.3,S,287.6,99.9,4,PVC,SINGLE SPEED PUMP,11/15/1984,
SRS,GSA,F & H-AREA HAZARDOUS WASTE MANAGEMENT FACILITIES  (GROUNDWATER),FSB-088C,MONITORING WELL,Point of Compliance Well,LAZ_UTRAU,ACTIVE,33.27707813,-81.67803047,436857.95,3682017.46,168.4,158.4,280.4,S,283.1,124.6,4,PVC,SINGLE SPEED PUMP,10/7/1987,
SRS,GSA,F & H-AREA HAZARDOUS WASTE MANAGEMENT FACILITIES  (GROUNDWATER),FSB-088D,MONITORING WELL,Point of Compliance Well,UAZ_UTRAU,ACTIVE,33.27709817,-81.6780114,436859.74,3682019.67,222.1,202.1,280.1,S,282.5,80.3,4,PVC,VARIABLE SPEED PUMP,10/7/1987,
SRS,GSA,F & H-AREA HAZARDOUS WASTE MANAGEMENT FACILITIES  (GROUNDWATER),FSB-089C,MONITORING WELL,Point of Compliance Well,LAZ_UTRAU,ACTIVE,33.27664979,-81.67835681,436827.25,3681970.17,166.1,156.1,279.1,S,281.5,125.2,4,PVC,SINGLE SPEED PUMP,10/7/1987,
SRS,GSA,F & H-AREA HAZARDOUS WASTE MANAGEMENT FACILITIES  (GROUNDWATER),FSB-089D,MONITORING WELL,Point of Compliance Well,UAZ_UTRAU,ACTIVE,33.27662355,-81.67837196,436825.82,3681967.27,221.9,201.9,278.9,S,281.61,79.3,4,PVC,VARIABLE SPEED PUMP,10/7/1987,
SRS,GSA,F & H-AREA HAZARDOUS WASTE MANAGEMENT FACILITIES  (GROUNDWATER),FSB-090C,MONITORING WELL,Point of Compliance Well,LAZ_UTRAU,ACTIVE,33.27595234,-81.67854352,436809.36,3681892.96,168.1,158.1,276.1,S,278.6,120.3,4,PVC,SINGLE SPEED PUMP,10/7/1987,
SRS,GSA,F & H-AREA HAZARDOUS WASTE MANAGEMENT FACILITIES  (GROUNDWATER),FSB-090D,MONITORING WELL,Point of Compliance Well,UAZ_UTRAU,ACTIVE,33.27592613,-81.67855266,436808.49,3681890.06,225.1,205.1,276.1,S,279.08,73.5,4,PVC,VARIABLE SPEED PUMP,10/7/1987,
SRS,GSA,F & H-AREA HAZARDOUS WASTE MANAGEMENT FACILITIES  (GROUNDWATER),FSB-091C,MONITORING WELL,Point of Compliance Well,LAZ_UTRAU,ACTIVE,33.27525887,-81.67872767,436791.71,3681816.19,159.1,149.1,277,S,279.4,130.2,4,PVC,SINGLE SPEED PUMP,10/7/1987,
SRS,GSA,F & H-AREA HAZARDOUS WASTE MANAGEMENT FACILITIES  (GROUNDWATER),FSB-091D,MONITORING WELL,Point of Compliance Well,UAZ_UTRAU,ACTIVE,33.27523502,-81.67873479,436791.03,3681813.55,220.9,200.9,276.9,S,279.69,78.3,4,PVC,VARIABLE SPEED PUMP,10/7/1987,
SRS,GSA,F & H-AREA HAZARDOUS WASTE MANAGEMENT FACILITIES  (GROUNDWATER),FSB-092C,MONITORING WELL,Point of Compliance Well,LAZ_UTRAU,ACTIVE,33.27426917,-81.67944201,436724.47,3681706.9,157.6,147.6,273.6,S,275.7,128.1,4,PVC,VARIABLE SPEED PUMP,10/7/1987,
SRS,GSA,F & H-AREA HAZARDOUS WASTE MANAGEMENT FACILITIES  (GROUNDWATER),FSB-092D,MONITORING WELL,Point of Compliance Well,UAZ_UTRAU,ACTIVE,33.27424237,-81.67944449,436724.22,3681703.93,221.7,201.7,273.7,S,276.4,74.2,4,PVC,VARIABLE SPEED PUMP,10/7/1987,
SRS,GSA,F & H-AREA HAZARDOUS WASTE MANAGEMENT FACILITIES  (GROUNDWATER),FSB-093C,MONITORING WELL,Point of Compliance Well,LAZ_UTRAU,ACTIVE,33.27375192,-81.67941739,436726.39,3681649.54,152.25,142.25,274.25,S,276.75,134.2,4,PVC,SINGLE SPEED PUMP,10/7/1987,
SRS,GSA,F & H-AREA HAZARDOUS WASTE MANAGEMENT FACILITIES  (GROUNDWATER),FSB-093D,MONITORING WELL,Point of Compliance Well,UAZ_UTRAU,ACTIVE,33.27372279,-81.67941588,436726.51,3681646.31,217.9,197.9,273.9,S,276.55,78.2,4,PVC,VARIABLE SPEED PUMP,10/7/1987,
SRS,GSA,F & H-AREA HAZARDOUS WASTE MANAGEMENT FACILITIES  (GROUNDWATER),FSB-094C,MONITORING WELL,Point of Compliance Well,LAZ_UTRAU,ACTIVE,33.27323516,-81.68009511,436662.9,3681592.66,149.8,139.8,278.8,S,281.3,141.3,4,PVC,VARIABLE SPEED PUMP,10/7/1987,
SRS,GSA,F & H-AREA HAZARDOUS WASTE MANAGEMENT FACILITIES  (GROUNDWATER),FSB-094D,MONITORING WELL,,UAZ_UTRAU,ABANDONED,33.27323678,-81.68006163,436666.02,3681592.82,221.8,201.8,278.8,C,281.1,79.3,4,PVC,UNKNOWN,10/7/1987,1/23/1991
SRS,GSA,F & H-AREA HAZARDOUS WASTE MANAGEMENT FACILITIES  (GROUNDWATER),FSB-094DR,MONITORING WELL,Point of Compliance Well,UAZ_UTRAU,ACTIVE,33.2732074,-81.68014032,436658.67,3681589.61,203.4,183.3,278.4,S,281.27,97.2,4,PVC,SINGLE SPEED PUMP,10/2/1990,
SRS,GSA,F & H-AREA HAZARDOUS WASTE MANAGEMENT FACILITIES  (GROUNDWATER),FSB-095C,MONITORING WELL,,UAZ_UTRAU,ABANDONED,33.27319572,-81.68072445,436604.26,3681588.67,155.8,145.8,281.8,C,284,138.2,4,PVC,UNKNOWN,10/7/1987,1/23/1991
SRS,GSA,F & H-AREA HAZARDOUS WASTE MANAGEMENT FACILITIES  (GROUNDWATER),FSB-095CR,MONITORING WELL,Point of Compliance Well,LAZ_UTRAU,ACTIVE,33.27321537,-81.68085926,436591.72,3681590.93,161.9,151.9,281.9,S,284.4,132.1,4,PVC,SINGLE SPEED PUMP,9/21/1990,
SRS,GSA,F & H-AREA HAZARDOUS WASTE MANAGEMENT FACILITIES  (GROUNDWATER),FSB-095D,MONITORING WELL,,UAZ_UTRAU,ABANDONED,33.27319582,-81.68075635,436601.29,3681588.7,227.8,207.8,281.8,C,284.3,76.5,4,PVC,UNKNOWN,10/7/1987,1/23/1991
SRS,GSA,F & H-AREA HAZARDOUS WASTE MANAGEMENT FACILITIES  (GROUNDWATER),FSB-095DR,MONITORING WELL,Point of Compliance Well,UAZ_UTRAU,ACTIVE,33.27320621,-81.68081784,436595.57,3681589.89,207,187,282,S,284.4,97.1,4,PVC,SINGLE SPEED PUMP,9/21/1990,
SRS,GSA,F & H-AREA HAZARDOUS WASTE MANAGEMENT FACILITIES  (GROUNDWATER),FSB-096A,MONITORING WELL,,GAU,ABANDONED,33.27260938,-81.68117721,436561.67,3681523.94,95.7,85.7,277.7,C,279.8,194.1,4,PVC,UNKNOWN,10/7/1987,1/23/1991
SRS,GSA,F & H-AREA HAZARDOUS WASTE MANAGEMENT FACILITIES  (GROUNDWATER),FSB-096AR,MONITORING WELL,Point of Compliance Well,GAU,ACTIVE,33.27262931,-81.68132522,436547.9,3681526.24,89,79,279,S,281.4,202.2,4,PVC,SINGLE SPEED PUMP,9/24/1990,
SRS,GSA,F & H-AREA HAZARDOUS WASTE MANAGEMENT FACILITIES  (GROUNDWATER),FSB-097A,MONITORING WELL,Point of Compliance Well,GAU,ACTIVE,33.27355366,-81.68124628,436555.92,3681628.67,95.8,85.8,283.8,S,286.3,200.3,4,PVC,SINGLE SPEED PUMP,10/7/1987,
SRS,GSA,F & H-AREA HAZARDOUS WASTE MANAGEMENT FACILITIES  (GROUNDWATER),FSB-097C,MONITORING WELL,Point of Compliance Well,LAZ_UTRAU,ACTIVE,33.27358025,-81.68124971,436555.62,3681631.62,153.8,143.8,283.8,S,286.3,142.3,4,PVC,VARIABLE SPEED PUMP,10/7/1987,
SRS,GSA,F & H-AREA HAZARDOUS WASTE MANAGEMENT FACILITIES  (GROUNDWATER),FSB-097D,MONITORING WELL,Point of Compliance Well,UAZ_UTRAU,ACTIVE,33.27360882,-81.68125487,436555.16,3681634.79,216.9,196.9,283.9,S,286.2,89.1,4,PVC,VARIABLE SPEED PUMP,10/7/1987,
SRS,GSA,F & H-AREA HAZARDOUS WASTE MANAGEMENT FACILITIES  (GROUNDWATER),FSB-098A,MONITORING WELL,,,ABANDONED,33.27429151,-81.68126061,436555.12,3681710.48,94.7,84.7,280.7,S,283.2,198.3,4,PVC,UNKNOWN,10/7/1987,10/21/1991
SRS,GSA,F & H-AREA HAZARDOUS WASTE MANAGEMENT FACILITIES  (GROUNDWATER),FSB-098AR,MONITORING WELL,Point of Compliance Well,GAU,ACTIVE,33.27420426,-81.68124822,436556.21,3681700.8,92.1,82.1,282.1,S,284.2,201.9,4,PVC,SINGLE SPEED PUMP,10/7/1991,
SRS,GSA,F & H-AREA HAZARDOUS WASTE MANAGEMENT FACILITIES  (GROUNDWATER),FSB-098C,MONITORING WELL,Point of Compliance Well,LAZ_UTRAU,ACTIVE,33.2742642,-81.68125728,436555.41,3681707.45,158.4,148.4,282.4,S,284.6,136.1,4,PVC,VARIABLE SPEED PUMP,10/7/1987,
SRS,GSA,F & H-AREA HAZARDOUS WASTE MANAGEMENT FACILITIES  (GROUNDWATER),FSB-098D,MONITORING WELL,Point of Compliance Well,UAZ_UTRAU,ACTIVE,33.27423563,-81.68125212,436555.87,3681704.28,220.3,200.3,282.3,S,284.6,84.2,4,PVC,VARIABLE SPEED PUMP,10/7/1987,
SRS,GSA,F & H-AREA HAZARDOUS WASTE MANAGEMENT FACILITIES  (GROUNDWATER),FSB-099A,MONITORING WELL,Plume Assessment Well,GAU,ACTIVE,33.2752389,-81.68130726,436551.46,3681815.54,102.9,92.9,285.3,S,287.8,194.7,4,PVC,SINGLE SPEED PUMP,10/7/1987,
SRS,GSA,F & H-AREA HAZARDOUS WASTE MANAGEMENT FACILITIES  (GROUNDWATER),FSB-099C,MONITORING WELL,Plume Assessment Well,LAZ_UTRAU,ACTIVE,33.27526622,-81.68130769,436551.44,3681818.57,167.2,157.2,285.2,S,288.06,130.5,4,PVC,SINGLE SPEED PUMP,10/7/1987,
SRS,GSA,F & H-AREA HAZARDOUS WASTE MANAGEMENT FACILITIES  (GROUNDWATER),FSB-099D,MONITORING WELL,Plume Assessment Well,UAZ_UTRAU,ACTIVE,33.27529419,-81.68130662,436551.56,3681821.67,218.1,198.1,285.1,S,287.8,89.5,4,PVC,SINGLE SPEED PUMP,10/7/1987,
SRS,GSA,F & H-AREA HAZARDOUS WASTE MANAGEMENT FACILITIES  (GROUNDWATER),FSB-100A,MONITORING WELL,Point of Compliance Well,GAU,ACTIVE,33.27597695,-81.67933852,436735.34,3681896.17,105.8,95.8,283.8,S,286.2,190.2,4,PVC,SINGLE SPEED PUMP,10/7/1987,
SRS,GSA,F & H-AREA HAZARDOUS WASTE MANAGEMENT FACILITIES  (GROUNDWATER),FSB-100PC,EXTRACTION WELL,,,ABANDONED,33.27161077,-81.67842253,436817.5,3681411.56,153.3,101.1,228,C,230,147,2,PVC,UNKNOWN,9/14/1993,5/3/2004
SRS,GSA,F & H-AREA HAZARDOUS WASTE MANAGEMENT FACILITIES  (GROUNDWATER),FSB-100PD,PIEZOMETER WELL,,,ABANDONED,33.27202419,-81.68008412,436663.05,3681458.4,215.2,175.1,250.6,C,252.9,0,2,PVC,UNKNOWN,11/5/1991,
SRS,GSA,F & H-AREA HAZARDOUS WASTE MANAGEMENT FACILITIES  (GROUNDWATER),FSB-101A,MONITORING WELL,Point of Compliance Well,GAU,ACTIVE,33.27676525,-81.67908402,436759.61,3681983.41,102.9,92.9,282.9,S,285.4,192.3,4,PVC,SINGLE SPEED PUMP,10/7/1987,
SRS,GSA,F & H-AREA HAZARDOUS WASTE MANAGEMENT FACILITIES  (GROUNDWATER),FSB-102C,MONITORING WELL,Plume Assessment Well,LAZ_UTRAU,ACTIVE,33.2714595,-81.67587287,437054.85,3681393.25,155.9,145.9,198.9,S,201.3,55.2,4,PVC,VARIABLE SPEED PUMP,2/1/1988,
SRS,GSA,F & H-AREA HAZARDOUS WASTE MANAGEMENT FACILITIES  (GROUNDWATER),FSB-103C,MONITORING WELL,,,ABANDONED,33.27091496,-81.68020673,436650.83,3681335.5,157.1,147.1,240.1,S,242.6,95.3,4,PVC,SINGLE SPEED PUMP,2/1/1988,8/13/2008
SRS,GSA,F & H-AREA HAZARDOUS WASTE MANAGEMENT FACILITIES  (GROUNDWATER),FSB-104C,MONITORING WELL,Plume Assessment Well,LAZ_UTRAU,ACTIVE,33.26951158,-81.68061126,436612.14,3681180.16,161.01,151.01,217.01,S,219.61,68.4,4,PVC,SINGLE SPEED PUMP,1/20/1988,
SRS,GSA,F & H-AREA HAZARDOUS WASTE MANAGEMENT FACILITIES  (GROUNDWATER),FSB-104D,MONITORING WELL,Plume Assessment Well,UAZ_UTRAU,ACTIVE,33.26950634,-81.68057901,436615.14,3681179.56,210.4,190.4,216.9,S,219.4,28.8,4,PVC,VARIABLE SPEED PUMP,1/20/1988,
SRS,GSA,F & H-AREA HAZARDOUS WASTE MANAGEMENT FACILITIES  (GROUNDWATER),FSB-105C,MONITORING WELL,,,ABANDONED,33.27346829,-81.68173128,436510.69,3681619.5,151.5,141.5,283.5,S,286.19,144.3,4,PVC,VARIABLE SPEED PUMP,1/18/1988,8/13/2008
SRS,GSA,F & H-AREA HAZARDOUS WASTE MANAGEMENT FACILITIES  (GROUNDWATER),FSB-105D,MONITORING WELL,,,ABANDONED,33.27349929,-81.68173689,436510.19,3681622.94,223.7,203.7,283.7,C,285.8,82.1,4,PVC,UNKNOWN,1/18/1988,1/23/1991
SRS,GSA,F & H-AREA HAZARDOUS WASTE MANAGEMENT FACILITIES  (GROUNDWATER),FSB-105DR,MONITORING WELL,,,ABANDONED,33.27354237,-81.68174345,436509.61,3681627.72,208.6,188.5,283.6,S,286.27,97.1,4,PVC,VARIABLE SPEED PUMP,9/21/1990,8/13/2008
SRS,GSA,F & H-AREA HAZARDOUS WASTE MANAGEMENT FACILITIES  (GROUNDWATER),FSB-106C,MONITORING WELL,,,ABANDONED,33.27250291,-81.67753544,436900.76,3681509.93,166,156,233,S,235.3,79.1,4,PVC,VARIABLE SPEED PUMP,2/5/1988,6/30/2008
SRS,GSA,F & H-AREA HAZARDOUS WASTE MANAGEMENT FACILITIES  (GROUNDWATER),FSB-106D,MONITORING WELL,,,ABANDONED,33.27248562,-81.67757933,436896.66,3681508.04,222.7,202.7,232.7,S,235.61,32,4,PVC,SINGLE SPEED PUMP,6/22/1990,8/13/2008
SRS,GSA,F & H-AREA HAZARDOUS WASTE MANAGEMENT FACILITIES  (GROUNDWATER),FSB-107C,MONITORING WELL,Plume Assessment Well,LAZ_UTRAU,ACTIVE,33.27552794,-81.67813209,436847.37,3681845.66,160.95,150.95,268.95,S,271.4,120.1,4,PVC,SINGLE SPEED PUMP,1/15/1988,
SRS,GSA,F & H-AREA HAZARDOUS WASTE MANAGEMENT FACILITIES  (GROUNDWATER),FSB-107D,MONITORING WELL,,,ABANDONED,33.27549939,-81.67814078,436846.54,3681842.5,220.9,200.9,268.7,S,271.2,70.1,4,PVC,VARIABLE SPEED PUMP,1/23/1988,8/13/2008
SRS,GSA,F & H-AREA HAZARDOUS WASTE MANAGEMENT FACILITIES  (GROUNDWATER),FSB-108D,MONITORING WELL,Background Well,UAZ_UTRAU,ACTIVE,33.27788322,-81.68026549,436650.39,3682108.07,223.8,203.8,295.8,S,298.2,94.2,4,PVC,SINGLE SPEED PUMP,10/7/1987,
SRS,GSA,F & H-AREA HAZARDOUS WASTE MANAGEMENT FACILITIES  (GROUNDWATER),FSB-109D,MONITORING WELL,Point of Compliance Well,UAZ_UTRAU,ACTIVE,33.27592121,-81.68120003,436561.94,3681891.12,225.8,205.8,290.8,S,293.3,87.3,4,PVC,SINGLE SPEED PUMP,10/7/1987,
SRS,GSA,F & H-AREA HAZARDOUS WASTE MANAGEMENT FACILITIES  (GROUNDWATER),FSB-110C,MONITORING WELL,,,ABANDONED,33.27168707,-81.67885476,436777.3,3681420.28,147.48,137.48,232.48,S,235.04,97.3,4,PVC,SINGLE SPEED PUMP,9/9/1987,6/30/2008
SRS,GSA,F & H-AREA HAZARDOUS WASTE MANAGEMENT FACILITIES  (GROUNDWATER),FSB-110D,MONITORING WELL,,,ABANDONED,33.27167816,-81.67888347,436774.62,3681419.31,211.1,191.1,232.6,S,234.7,43.4,4,PVC,VARIABLE SPEED PUMP,1/26/1988,8/13/2008
SRS,GSA,F & H-AREA HAZARDOUS WASTE MANAGEMENT FACILITIES  (GROUNDWATER),FSB-111C,MONITORING WELL,,,ABANDONED,33.27656959,-81.67754988,436902.34,3681960.79,169,159,274,S,276.5,117.3,4,PVC,SINGLE SPEED PUMP,2/5/1988,6/30/2008
SRS,GSA,F & H-AREA HAZARDOUS WASTE MANAGEMENT FACILITIES  (GROUNDWATER),FSB-111D,MONITORING WELL,,,ABANDONED,33.27655167,-81.67757648,436899.85,3681958.82,221.7,201.7,274.4,S,276.8,74.9,4,PVC,SINGLE SPEED PUMP,2/5/1988,8/13/2008
SRS,GSA,F & H-AREA HAZARDOUS WASTE MANAGEMENT FACILITIES  (GROUNDWATER),FSB-112A,MONITORING WELL,Plume Assessment Well,GAU,ACTIVE,33.26958783,-81.68246528,436439.52,3681189.74,91,81,227,S,229.3,148.1,4,PVC,SINGLE SPEED PUMP,6/22/1990,
SRS,GSA,F & H-AREA HAZARDOUS WASTE MANAGEMENT FACILITIES  (GROUNDWATER),FSB-112C,MONITORING WELL,Plume Assessment Well,LAZ_UTRAU,ACTIVE,33.26955582,-81.68249531,436436.7,3681186.21,139.1,129.1,227.1,S,229.87,100,4,PVC,SINGLE SPEED PUMP,6/29/1990,
SRS,GSA,F & H-AREA HAZARDOUS WASTE MANAGEMENT FACILITIES  (GROUNDWATER),FSB-112D,MONITORING WELL,,,ABANDONED,33.26952327,-81.68252695,436433.73,3681182.62,208.9,188.9,227.6,S,230.39,40.7,4,PVC,SINGLE SPEED PUMP,6/28/1990,10/2/2003
SRS,GSA,F & H-AREA HAZARDOUS WASTE MANAGEMENT FACILITIES  (GROUNDWATER),FSB-112DR,MONITORING WELL,Plume Assessment Well,UAZ_UTRAU,ACTIVE,33.26962376,-81.68243752,436442.132,3681193.707,176.61,166.6,226.65,S,230.04,62.86,2,PVC,VARIABLE SPEED PUMP,9/30/2003,
SRS,GSA,F & H-AREA HAZARDOUS WASTE MANAGEMENT FACILITIES  (GROUNDWATER),FSB-113A,MONITORING WELL,Plume Assessment Well,GAU,ACTIVE,33.27313304,-81.67639429,437007.49,3681579.1,91.3,81,221.3,S,223.4,142.2,4,PVC,SINGLE SPEED PUMP,6/8/1990,
SRS,GSA,F & H-AREA HAZARDOUS WASTE MANAGEMENT FACILITIES  (GROUNDWATER),FSB-113C,MONITORING WELL,Plume Assessment Well,LAZ_UTRAU,ACTIVE,33.27314434,-81.67633876,437012.67,3681580.32,164,154,221,S,223.1,68.9,4,PVC,SINGLE SPEED PUMP,6/13/1990,
SRS,GSA,F & H-AREA HAZARDOUS WASTE MANAGEMENT FACILITIES  (GROUNDWATER),FSB-113D,MONITORING WELL,,UAZ_UTRAU,ABANDONED,33.27315444,-81.67628987,437017.23,3681581.41,209.6,189.6,220.6,S,222.6,32.9,4,PVC,SINGLE SPEED PUMP,6/14/1990,8/13/2008
SRS,GSA,F & H-AREA HAZARDOUS WASTE MANAGEMENT FACILITIES  (GROUNDWATER),FSB-114A,MONITORING WELL,Plume Assessment Well,GAU,ACTIVE,33.27722866,-81.67601321,437045.92,3682032.93,105,95.2,250,S,252.2,156.8,4,PVC,SINGLE SPEED PUMP,6/15/1990,
SRS,GSA,F & H-AREA HAZARDOUS WASTE MANAGEMENT FACILITIES  (GROUNDWATER),FSB-114C,MONITORING WELL,Plume Assessment Well,LAZ_UTRAU,ACTIVE,33.27718807,-81.67602965,437044.36,3682028.44,167.9,157.9,250.1,S,253,94.2,4,PVC,SINGLE SPEED PUMP,6/20/1990,
SRS,GSA,F & H-AREA HAZARDOUS WASTE MANAGEMENT FACILITIES  (GROUNDWATER),FSB-114D,MONITORING WELL,Plume Assessment Well,UAZ_UTRAU,ACTIVE,33.27714141,-81.67605044,437042.39,3682023.28,217.8,197.7,250.2,S,252.4,54.5,4,PVC,SINGLE SPEED PUMP,6/20/1990,
SRS,GSA,F & H-AREA HAZARDOUS WASTE MANAGEMENT FACILITIES  (GROUNDWATER),FSB-115C,MONITORING WELL,Plume Assessment Well,LAZ_UTRAU,ACTIVE,33.26730584,-81.67669198,436975.58,3680933.25,173.8,163.8,205.8,S,207.9,44,4,PVC,SINGLE SPEED PUMP,7/24/1990,
SRS,GSA,F & H-AREA HAZARDOUS WASTE MANAGEMENT FACILITIES  (GROUNDWATER),FSB-115D,MONITORING WELL,Plume Assessment Well,UAZ_UTRAU,ACTIVE,33.26726851,-81.67669051,436975.69,3680929.11,192.5,182.5,206.5,S,208.7,26,4,PVC,SINGLE SPEED PUMP,8/17/1990,
SRS,GSA,F & H-AREA HAZARDOUS WASTE MANAGEMENT FACILITIES  (GROUNDWATER),FSB-116C,MONITORING WELL,Plume Assessment Well,LAZ_UTRAU,ACTIVE,33.26925505,-81.67470466,437162.07,3681148.15,170.5,160.5,200.5,S,203.34,42,4,PVC,SINGLE SPEED PUMP,7/24/1990,
SRS,GSA,F & H-AREA HAZARDOUS WASTE MANAGEMENT FACILITIES  (GROUNDWATER),FSB-116D,MONITORING WELL,Plume Assessment Well,UAZ_UTRAU,ACTIVE,33.26923288,-81.67475098,437157.74,3681145.72,196.4,186.4,200.9,S,203.1,16.5,4,PVC,SINGLE SPEED PUMP,8/14/1990,
SRS,GSA,F & H-AREA HAZARDOUS WASTE MANAGEMENT FACILITIES  (GROUNDWATER),FSB-117D,MONITORING WELL,Plume Assessment Well,UAZ_UTRAU,ACTIVE,33.27196973,-81.67773597,436881.7,3681450.94,209.7,189.7,228.7,S,230.9,41,4,PVC,SINGLE SPEED PUMP,7/6/1990,
SRS,GSA,F & H-AREA HAZARDOUS WASTE MANAGEMENT FACILITIES  (GROUNDWATER),FSB-118D,MONITORING WELL,Plume Assessment Well,UAZ_UTRAU,ACTIVE,33.27464586,-81.67687659,436963.66,3681747.11,211.3,191.3,241.3,S,243.4,52,4,PVC,SINGLE SPEED PUMP,7/3/1990,
SRS,GSA,F & H-AREA HAZARDOUS WASTE MANAGEMENT FACILITIES  (GROUNDWATER),FSB-119D,MONITORING WELL,,,ABANDONED,33.27332597,-81.67846468,436814.81,3681601.74,213.1,193.1,252.1,S,254.3,61,4,PVC,SINGLE SPEED PUMP,7/9/1990,8/13/2008
SRS,GSA,F & H-AREA HAZARDOUS WASTE MANAGEMENT FACILITIES  (GROUNDWATER),FSB-120A,MONITORING WELL,,,ABANDONED,33.27307758,-81.68404035,436295.36,3681577.59,109,99,278,S,280.3,181.1,4,PVC,SINGLE SPEED PUMP,7/12/1990,9/4/2002
SRS,GSA,F & H-AREA HAZARDOUS WASTE MANAGEMENT FACILITIES  (GROUNDWATER),FSB-120AR,MONITORING WELL,Plume Assessment Well,GAU,ACTIVE,33.273127,-81.68405908,436293.651,3681583.081,102.52,92.42,277.52,S,280.19,188,2,PVC,VARIABLE SPEED PUMP,9/11/2002,
SRS,GSA,F & H-AREA HAZARDOUS WASTE MANAGEMENT FACILITIES  (GROUNDWATER),FSB-120C,MONITORING WELL,Plume Assessment Well,LAZ_UTRAU,ACTIVE,33.27309417,-81.68407365,436292.27,3681579.45,160.92,150.92,277.92,S,279.9,129,4,PVC,SINGLE SPEED PUMP,7/17/1990,
SRS,GSA,F & H-AREA HAZARDOUS WASTE MANAGEMENT FACILITIES  (GROUNDWATER),FSB-120D,MONITORING WELL,Plume Assessment Well,UAZ_UTRAU,ACTIVE,33.2731239,-81.68412983,436287.06,3681582.78,216.5,196.5,278.5,S,280.61,84,4,PVC,SINGLE SPEED PUMP,7/12/1990,
SRS,GSA,F & H-AREA HAZARDOUS WASTE MANAGEMENT FACILITIES  (GROUNDWATER),FSB-121C,MONITORING WELL,Plume Assessment Well,LAZ_UTRAU,ACTIVE,33.27098556,-81.68530337,436176.21,3681346.43,158.4,148.4,254.4,S,256.6,108.1,4,PVC,SINGLE SPEED PUMP,7/12/1990,
SRS,GSA,F & H-AREA HAZARDOUS WASTE MANAGEMENT FACILITIES  (GROUNDWATER),FSB-121D,MONITORING WELL,,,ABANDONED,33.27102787,-81.68530285,436176.29,3681351.12,215,195,254,S,256.3,0,4,PVC,UNKNOWN,7/20/1990,
SRS,GSA,F & H-AREA HAZARDOUS WASTE MANAGEMENT FACILITIES  (GROUNDWATER),FSB-121DR,MONITORING WELL,,,ABANDONED,33.27100424,-81.6852523,436180.98,3681348.47,211.65,191.65,253.65,S,256.52,64.2,4,PVC,SINGLE SPEED PUMP,9/4/1991,8/13/2008
SRS,GSA,F & H-AREA HAZARDOUS WASTE MANAGEMENT FACILITIES  (GROUNDWATER),FSB-122C,MONITORING WELL,Plume Assessment Well,LAZ_UTRAU,ACTIVE,33.2678125,-81.68340265,436350.93,3680993.49,170.26,160.26,216.26,S,218.97,58,4,PVC,SINGLE SPEED PUMP,6/29/1990,
SRS,GSA,F & H-AREA HAZARDOUS WASTE MANAGEMENT FACILITIES  (GROUNDWATER),FSB-122D,MONITORING WELL,Plume Assessment Well,UAZ_UTRAU,ACTIVE,33.26778734,-81.68335339,436355.5,3680990.67,206.6,186.6,215.6,S,217.8,31,4,PVC,SINGLE SPEED PUMP,7/24/1990,
SRS,GSA,F & H-AREA HAZARDOUS WASTE MANAGEMENT FACILITIES  (GROUNDWATER),FSB-123C,MONITORING WELL,Plume Assessment Well,LAZ_UTRAU,ACTIVE,33.27512948,-81.67537328,437104.01,3681799.82,165.3,155.3,236.3,S,238.3,82.8,4,PVC,SINGLE SPEED PUMP,6/22/1990,
SRS,GSA,F & H-AREA HAZARDOUS WASTE MANAGEMENT FACILITIES  (GROUNDWATER),FSB-123D,MONITORING WELL,Plume Assessment Well,UAZ_UTRAU,ACTIVE,33.27509502,-81.67540684,437100.86,3681796.02,214.1,194.1,236.1,S,238.3,44,4,PVC,SINGLE SPEED PUMP,6/22/1990,
SRS,GSA,F & H-AREA HAZARDOUS WASTE MANAGEMENT FACILITIES  (GROUNDWATER),FSB-124D,MONITORING WELL,Plume Assessment Well,UAZ_UTRAU,ACTIVE,33.27142892,-81.68257716,436430.434,3681393.92,190.27,180.27,256.33,S,259.41,78.56,2,PVC,VARIABLE SPEED PUMP,12/30/2003,
SRS,GSA,F & H-AREA HAZARDOUS WASTE MANAGEMENT FACILITIES  (GROUNDWATER),FSB-125D,MONITORING WELL,,,ABANDONED,33.27229453,-81.67903145,436761.282,3681487.733,185.99,175.97,241.11,S,244.16,67.64,2,PVC,VARIABLE SPEED PUMP,12/19/2003,9/13/2005
SRS,GSA,F & H-AREA HAZARDOUS WASTE MANAGEMENT FACILITIES  (GROUNDWATER),FSB-125DR,MONITORING WELL,Plume Assessment Well,UAZ_UTRAU,ACTIVE,33.27226118,-81.67897195,436766.8,3681484,185.75,175.75,240.75,S,243.98,70,2,PVC,VARIABLE SPEED PUMP,1/19/2005,
SRS,GSA,F & H-AREA HAZARDOUS WASTE MANAGEMENT FACILITIES  (GROUNDWATER),FSB-126D,MONITORING WELL,Plume Assessment Well,UAZ_UTRAU,ACTIVE,33.2713337,-81.67924961,436740.272,3681381.343,183.07,173.06,236.86,S,239.77,66.4,2,PVC,VARIABLE SPEED PUMP,12/19/2003,
SRS,GSA,F & H-AREA HAZARDOUS WASTE MANAGEMENT FACILITIES  (GROUNDWATER),FSB-127D,MONITORING WELL,Plume Assessment Well,UAZ_UTRAU,ACTIVE,33.27228119,-81.67608171,437035.989,3681484.472,182.11,177.1,211.1,S,214.13,36.5,2,PVC,VARIABLE SPEED PUMP,12/16/2003,
SRS,GSA,F & H-AREA HAZARDOUS WASTE MANAGEMENT FACILITIES  (GROUNDWATER),FSB-128D,MONITORING WELL,Plume Assessment Well,UAZ_UTRAU,ACTIVE,33.26907789,-81.68489879,436212.504,3681134.69,191.33,181.33,246.4,S,249.19,67.57,2,PVC,VARIABLE SPEED PUMP,12/19/2003,
SRS,GSA,F & H-AREA HAZARDOUS WASTE MANAGEMENT FACILITIES  (GROUNDWATER),FSB-129D,MONITORING WELL,Plume Assessment Well,UAZ_UTRAU,ACTIVE,33.26693404,-81.68459212,436239.507,3680896.825,203.23,193.23,222.24,S,225.15,31.51,2,PVC,VARIABLE SPEED PUMP,12/31/2003,
SRS,GSA,F & H-AREA HAZARDOUS WASTE MANAGEMENT FACILITIES  (GROUNDWATER),FSB-130D,MONITORING WELL,Plume Assessment Well,UAZ_UTRAU,ACTIVE,33.2705269,-81.67920723,436743.637,3681291.874,196.96,186.95,231.96,S,234.79,47.51,2,PVC,VARIABLE SPEED PUMP,12/19/2003,
SRS,GSA,F & H-AREA HAZARDOUS WASTE MANAGEMENT FACILITIES  (GROUNDWATER),FSB-131D,MONITORING WELL,Plume Assessment Well,UAZ_UTRAU,ACTIVE,33.27025212,-81.67928077,436736.59,3681261.453,198.07,188.07,226.09,S,229.05,40.52,2,PVC,VARIABLE SPEED PUMP,12/19/2003,
SRS,GSA,F & H-AREA HAZARDOUS WASTE MANAGEMENT FACILITIES  (GROUNDWATER),FSB-132D,MONITORING WELL,Plume Assessment Well,UAZ_UTRAU,ACTIVE,33.26971269,-81.68088035,436587.224,3681202.619,192.39,182.4,219.45,S,222.48,39.55,2,PVC,VARIABLE SPEED PUMP,1/2/2004,
SRS,GSA,F & H-AREA HAZARDOUS WASTE MANAGEMENT FACILITIES  (GROUNDWATER),FSB-133D,MONITORING WELL,Plume Assessment Well,UAZ_UTRAU,ACTIVE,33.26904269,-81.68136315,436541.774,3681128.633,199.72,189.71,217.53,S,220.35,30.32,2,PVC,VARIABLE SPEED PUMP,12/30/2003,
SRS,GSA,F & H-AREA HAZARDOUS WASTE MANAGEMENT FACILITIES  (GROUNDWATER),FSB-134D,MONITORING WELL,Plume Assessment Well,UAZ_UTRAU,ACTIVE,33.26929089,-81.68173593,436507.234,3681156.376,190.56,180.56,220.23,S,223.3,32.17,2,PVC,VARIABLE SPEED PUMP,12/31/2003,
SRS,GSA,F & H-AREA HAZARDOUS WASTE MANAGEMENT FACILITIES  (GROUNDWATER),FSB-135D,MONITORING WELL,Plume Assessment Well,UAZ_UTRAU,ACTIVE,33.2685884,-81.68279619,436407.977,3681079.14,186.06,176.07,219.12,S,222.11,45.55,2,PVC,VARIABLE SPEED PUMP,12/30/2003,
SRS,GSA,F & H-AREA HAZARDOUS WASTE MANAGEMENT FACILITIES  (GROUNDWATER),FSB-136D,MONITORING WELL,Plume Assessment Well,UAZ_UTRAU,ACTIVE,33.26828918,-81.68266344,436420.123,3681045.886,198.93,188.93,215.1,S,217.99,28.67,2,PVC,VARIABLE SPEED PUMP,12/31/2003,
SRS,GSA,F & H-AREA HAZARDOUS WASTE MANAGEMENT FACILITIES  (GROUNDWATER),FSB-137D,MONITORING WELL,Plume Assessment Well,UAZ_UTRAU,ACTIVE,33.26761063,-81.68228502,436454.876,3680970.429,185.61,180.61,200.61,S,203.28,22.5,2,PVC,VARIABLE SPEED PUMP,12/31/2003,
SRS,GSA,F & H-AREA HAZARDOUS WASTE MANAGEMENT FACILITIES  (GROUNDWATER),FSB-138D,MONITORING WELL,Plume Assessment Well,UAZ_UTRAU,ACTIVE,33.26869995,-81.68038923,436632.232,3681090.045,185.51,180.51,208.01,S,210.93,30,2,PVC,VARIABLE SPEED PUMP,12/31/2003,
SRS,GSA,F & H-AREA HAZARDOUS WASTE MANAGEMENT FACILITIES  (GROUNDWATER),FSB-139D,MONITORING WELL,Auxiliary Observation,UAZ_UTRAU,ACTIVE,33.2730331,-81.67669637,436979.285,3681568.203,200.43,,224.58,C,227.04,47,2,PVC,NONE,8/2/2011,
SRS,GSA,F & H-AREA HAZARDOUS WASTE MANAGEMENT FACILITIES  (GROUNDWATER),FSB-140D,MONITORING WELL,Auxiliary Observation,UAZ_UTRAU,ACTIVE,33.2726784,-81.67652056,436995.404,3681528.773,194.56,,219.44,C,221.89,47,2,PVC,NONE,8/2/2011,
SRS,GSA,F & H-AREA HAZARDOUS WASTE MANAGEMENT FACILITIES  (GROUNDWATER),FSB-141D,MONITORING WELL,Auxiliary Observation,UAZ_UTRAU,ACTIVE,33.27290138,-81.67642831,437004.155,3681553.438,198.16,,219.81,C,222.36,47,2,PVC,NONE,8/3/2011,
SRS,GSA,F & H-AREA HAZARDOUS WASTE MANAGEMENT FACILITIES  (GROUNDWATER),FSB-142D,MONITORING WELL,Auxiliary Observation,,ACTIVE,33.2708889,-81.67905742,436757.85,3681331.914,184.04,169.04,234.04,C,236.88,68,2,PVC,VARIABLE SPEED PUMP,4/21/2015,
SRS,GSA,F & H-AREA HAZARDOUS WASTE MANAGEMENT FACILITIES  (GROUNDWATER),FSB-143D,MONITORING WELL,Auxiliary Observation,,ACTIVE,33.27056268,-81.67916511,436747.586,3681295.813,188.66,173.66,232.16,C,235.07,62.5,2,PVC,VARIABLE SPEED PUMP,4/28/2015,
SRS,GSA,F & H-AREA HAZARDOUS WASTE MANAGEMENT FACILITIES  (GROUNDWATER),FSB-144D,MONITORING WELL,Auxiliary Observation,,ACTIVE,33.27047143,-81.67901603,436761.404,3681285.607,201.53,186.53,228.63,C,231.6,47.5,2,PVC,VARIABLE SPEED PUMP,4/27/2015,
SRS,GSA,F & H-AREA HAZARDOUS WASTE MANAGEMENT FACILITIES  (GROUNDWATER),FSB-145D,MONITORING WELL,Auxiliary Observation,,ACTIVE,33.2705477,-81.67894739,436767.853,3681294.021,197.57,182.57,229.57,S,232.39,52,2,PVC,VARIABLE SPEED PUMP,4/23/2015,
SRS,GSA,F & H-AREA HAZARDOUS WASTE MANAGEMENT FACILITIES  (GROUNDWATER),FSB-146D,MONITORING WELL,Auxiliary Observation,,ACTIVE,33.27054694,-81.67888007,436774.121,3681293.895,199.82,184.82,228.82,S,231.56,47,2,PVC,VARIABLE SPEED PUMP,4/22/2015,
SRS,GSA,F & H-AREA HAZARDOUS WASTE MANAGEMENT FACILITIES  (GROUNDWATER),FSB-150PC,EXTRACTION WELL,,,ABANDONED,33.27120245,-81.67908165,436755.82,3681366.69,160.1,107.6,234.8,C,236.8,137,2,PVC,UNKNOWN,9/9/1993,5/6/2004
SRS,GSA,F & H-AREA HAZARDOUS WASTE MANAGEMENT FACILITIES  (GROUNDWATER),FSB-150PD,PIEZOMETER WELL,,,ABANDONED,33.27192103,-81.68081968,436594.47,3681447.41,221.3,176.2,257.2,C,259.4,0,2,PVC,UNKNOWN,11/4/1991,5/4/2004
SRS,GSA,F & H-AREA HAZARDOUS WASTE MANAGEMENT FACILITIES  (GROUNDWATER),FSI-001,INJECTION WELL,Injection Well,UAZ_UTRAU,ACTIVE ECO-SENSITIVE,33.27148613,-81.67617427,437026.799,3681396.384,190.41,185.41,200.41,C,201.5,15.5,2,PVC,,2/12/2008,
SRS,GSA,F & H-AREA HAZARDOUS WASTE MANAGEMENT FACILITIES  (GROUNDWATER),FSI-002,INJECTION WELL,Injection Well,UAZ_UTRAU,ACTIVE ECO-SENSITIVE,33.27135147,-81.67635178,437010.17,3681381.561,188.72,183.72,202.72,C,203.63,19.34,2,PVC,,2/15/2008,
SRS,GSA,F & H-AREA HAZARDOUS WASTE MANAGEMENT FACILITIES  (GROUNDWATER),FSI-003,INJECTION WELL,Injection Well,UAZ_UTRAU,ACTIVE ECO-SENSITIVE,33.27114116,-81.67663407,436983.728,3681358.416,183.05,178.05,198.05,C,198.88,20.34,2,PVC,,2/15/2008,
SRS,GSA,F & H-AREA HAZARDOUS WASTE MANAGEMENT FACILITIES  (GROUNDWATER),FSI-004,INJECTION WELL,Injection Well,UAZ_UTRAU,ACTIVE ECO-SENSITIVE,33.27097936,-81.67679299,436968.811,3681340.574,184.77,179.77,197.77,C,198.61,18.34,2,PVC,,2/19/2008,
SRS,GSA,F & H-AREA HAZARDOUS WASTE MANAGEMENT FACILITIES  (GROUNDWATER),FSI-005,INJECTION WELL,Injection Well,UAZ_UTRAU,ACTIVE ECO-SENSITIVE,33.27088639,-81.676911,436957.753,3681330.338,186.88,181.88,199.55,C,200.33,18,2,PVC,,2/18/2008,
SRS,GSA,F & H-AREA HAZARDOUS WASTE MANAGEMENT FACILITIES  (GROUNDWATER),FSI-006,INJECTION WELL,Injection Well,UAZ_UTRAU,ACTIVE ECO-SENSITIVE,33.2711445,-81.67585284,437056.489,3681358.316,179.44,174.44,191.78,C,192.74,17.67,2,PVC,,2/19/2008,
SRS,GSA,F & H-AREA HAZARDOUS WASTE MANAGEMENT FACILITIES  (GROUNDWATER),FSI-007,INJECTION WELL,Injection Well,UAZ_UTRAU,ACTIVE ECO-SENSITIVE,33.27101242,-81.67601924,437040.897,3681343.773,180.14,175.14,192.14,C,193.01,17.34,2,PVC,,2/20/2008,
SRS,GSA,F & H-AREA HAZARDOUS WASTE MANAGEMENT FACILITIES  (GROUNDWATER),FSI-008,INJECTION WELL,Injection Well,UAZ_UTRAU,ACTIVE ECO-SENSITIVE,33.27085625,-81.67621702,437022.365,3681326.578,182.78,177.78,192.45,C,193.36,15,2,PVC,,2/20/2008,
SRS,GSA,F & H-AREA HAZARDOUS WASTE MANAGEMENT FACILITIES  (GROUNDWATER),FSI-009,INJECTION WELL,Injection Well,UAZ_UTRAU,ACTIVE ECO-SENSITIVE,33.27085788,-81.67640553,437004.809,3681326.873,184.74,179.74,195.08,C,195.96,15.67,2,PVC,,2/21/2008,
SRS,GSA,F & H-AREA HAZARDOUS WASTE MANAGEMENT FACILITIES  (GROUNDWATER),FSI-010,INJECTION WELL,Injection Well,UAZ_UTRAU,ACTIVE ECO-SENSITIVE,33.2705814,-81.675448,437093.79,3681295.643,173.39,168.39,187.56,C,188.57,19.5,2,PVC,,3/12/2008,
SRS,GSA,F & H-AREA HAZARDOUS WASTE MANAGEMENT FACILITIES  (GROUNDWATER),FSI-011,INJECTION WELL,Injection Well,UAZ_UTRAU,ACTIVE ECO-SENSITIVE,33.27045996,-81.67562087,437077.603,3681282.284,172.99,167.99,186.83,C,188.12,19.17,2,PVC,,3/12/2008,
SRS,GSA,F & H-AREA HAZARDOUS WASTE MANAGEMENT FACILITIES  (GROUNDWATER),FSI-012,INJECTION WELL,Injection Well,UAZ_UTRAU,ACTIVE ECO-SENSITIVE,33.27029081,-81.67584928,437056.208,3681263.669,172.59,167.59,187.43,C,188.51,20.17,2,PVC,,3/12/2008,
SRS,GSA,F & H-AREA HAZARDOUS WASTE MANAGEMENT FACILITIES  (GROUNDWATER),FSI-013,INJECTION WELL,Injection Well,UAZ_UTRAU,ACTIVE ECO-SENSITIVE,33.26975323,-81.67661748,436984.276,3681204.533,181.57,176.57,194.41,C,195.39,18.17,2,PVC,,2/25/2008,
SRS,GSA,F & H-AREA HAZARDOUS WASTE MANAGEMENT FACILITIES  (GROUNDWATER),FSI-014,INJECTION WELL,Injection Well,UAZ_UTRAU,ACTIVE ECO-SENSITIVE,33.26966074,-81.67675108,436971.767,3681194.36,180.59,175.59,192.09,C,193.08,16.84,2,PVC,,2/25/2008,
SRS,GSA,F & H-AREA HAZARDOUS WASTE MANAGEMENT FACILITIES  (GROUNDWATER),FSI-015,INJECTION WELL,Injection Well,UAZ_UTRAU,ACTIVE ECO-SENSITIVE,33.26954081,-81.67693149,436954.878,3681181.173,181.8,176.8,192.3,C,193.27,15.84,2,PVC,,2/27/2008,
SRS,GSA,F & H-AREA HAZARDOUS WASTE MANAGEMENT FACILITIES  (GROUNDWATER),FSI-016,INJECTION WELL,Injection Well,UAZ_UTRAU,ACTIVE ECO-SENSITIVE,33.26956774,-81.6764365,437000.999,3681183.86,176.67,171.67,190.67,C,191.49,19.34,2,PVC,,2/29/2008,
SRS,GSA,F & H-AREA HAZARDOUS WASTE MANAGEMENT FACILITIES  (GROUNDWATER),FSI-017,INJECTION WELL,Injection Well,UAZ_UTRAU,ACTIVE ECO-SENSITIVE,33.26943556,-81.6766203,436983.785,3681169.317,175.37,170.37,188.71,C,189.71,18.67,2,PVC,,2/28/2008,
SRS,GSA,F & H-AREA HAZARDOUS WASTE MANAGEMENT FACILITIES  (GROUNDWATER),FSI-018,INJECTION WELL,Injection Well,UAZ_UTRAU,ACTIVE ECO-SENSITIVE,33.26936344,-81.67672435,436974.043,3681161.385,174.61,169.61,188.11,C,189.59,18.84,2,PVC,,2/28/2008,
SRS,GSA,F & H-AREA HAZARDOUS WASTE MANAGEMENT FACILITIES  (GROUNDWATER),FSI-019,INJECTION WELL,Injection Well,UAZ_UTRAU,ACTIVE ECO-SENSITIVE,33.26923587,-81.67691256,436956.422,3681147.355,176.73,171.73,189.73,C,190.58,,2,PVC,,2/27/2008,
SRS,GSA,F & H-AREA HAZARDOUS WASTE MANAGEMENT FACILITIES  (GROUNDWATER),FSI-020,INJECTION WELL,Injection Well,UAZ_UTRAU,ACTIVE ECO-SENSITIVE,33.26950524,-81.67826494,436830.661,3681178.035,181.26,176.26,194.6,C,195.44,18.67,2,PVC,,3/3/2008,
SRS,GSA,F & H-AREA HAZARDOUS WASTE MANAGEMENT FACILITIES  (GROUNDWATER),FSI-021,INJECTION WELL,Injection Well,UAZ_UTRAU,ACTIVE ECO-SENSITIVE,33.26939362,-81.67840719,436817.332,3681165.747,185.83,180.83,194,C,194.8,13.5,2,PVC,,3/5/2008,
SRS,GSA,F & H-AREA HAZARDOUS WASTE MANAGEMENT FACILITIES  (GROUNDWATER),FSI-022,INJECTION WELL,Injection Well,UAZ_UTRAU,ACTIVE ECO-SENSITIVE,33.26920271,-81.67868281,436791.525,3681144.748,183.4,178.4,194.24,C,195.58,16.17,2,PVC,,3/5/2008,
SRS,GSA,F & H-AREA HAZARDOUS WASTE MANAGEMENT FACILITIES  (GROUNDWATER),FSI-023,INJECTION WELL,Injection Well,UAZ_UTRAU,ACTIVE ECO-SENSITIVE,33.26888043,-81.67790172,436864.04,3681108.546,175.65,170.65,189.82,C,190.69,19.5,2,PVC,,3/6/2008,
SRS,GSA,F & H-AREA HAZARDOUS WASTE MANAGEMENT FACILITIES  (GROUNDWATER),FSI-024,INJECTION WELL,Injection Well,UAZ_UTRAU,ACTIVE ECO-SENSITIVE,33.26870494,-81.6781081,436844.692,3681089.216,175.74,170.74,188.74,C,189.61,18.34,2,PVC,,3/6/2008,
SRS,GSA,F & H-AREA HAZARDOUS WASTE MANAGEMENT FACILITIES  (GROUNDWATER),FSI-025,INJECTION WELL,Injection Well,UAZ_UTRAU,ACTIVE ECO-SENSITIVE,33.26861056,-81.67828834,436827.837,3681078.861,175.02,170.02,188.94,C,189.81,19.25,2,PVC,,3/11/2008,
SRS,GSA,F & H-AREA HAZARDOUS WASTE MANAGEMENT FACILITIES  (GROUNDWATER),FSI-026,INJECTION WELL,Injection Well,UAZ_UTRAU,ACTIVE ECO-SENSITIVE,33.26845011,-81.67795871,436858.423,3681060.874,174.18,169.18,187.68,C,188.53,18.84,2,PVC,,3/10/2008,
SRS,GSA,F & H-AREA HAZARDOUS WASTE MANAGEMENT FACILITIES  (GROUNDWATER),FSI-027,INJECTION WELL,Injection Well,UAZ_UTRAU,ACTIVE ECO-SENSITIVE,33.26828677,-81.67820991,436834.91,3681042.917,171.23,166.23,186.57,C,187.45,20.67,2,PVC,,3/10/2008,
SRS,GSA,F & H-AREA HAZARDOUS WASTE MANAGEMENT FACILITIES  (GROUNDWATER),FSI-028,INJECTION WELL,Injection Well,UAZ_UTRAU,ACTIVE ECO-SENSITIVE,33.26806021,-81.67847376,436810.172,3681017.959,180.85,170.85,191.52,C,192.37,21,2,PVC,,3/11/2008,
SRS,GSA,F & H-AREA HAZARDOUS WASTE MANAGEMENT FACILITIES  (GROUNDWATER),FSI-029,INJECTION WELL,Injection Well,UAZ_UTRAU,ACTIVE ECO-SENSITIVE,33.26760318,-81.68069788,436602.694,3680968.639,174.51,169.51,190.51,C,191.32,21.34,2,PVC,,3/20/2008,
SRS,GSA,F & H-AREA HAZARDOUS WASTE MANAGEMENT FACILITIES  (GROUNDWATER),FSI-030,INJECTION WELL,Injection Well,UAZ_UTRAU,ACTIVE ECO-SENSITIVE,33.26747263,-81.68090818,436583.012,3680954.293,173.21,168.21,189.38,C,190.18,21.5,2,PVC,,3/20/2008,
SRS,GSA,F & H-AREA HAZARDOUS WASTE MANAGEMENT FACILITIES  (GROUNDWATER),FSI-031,INJECTION WELL,Injection Well,UAZ_UTRAU,ACTIVE ECO-SENSITIVE,33.2673571,-81.68024549,436644.651,3680941.083,174.03,169.03,188.2,C,189.08,19.5,2,PVC,,3/18/2008,
SRS,GSA,F & H-AREA HAZARDOUS WASTE MANAGEMENT FACILITIES  (GROUNDWATER),FSI-032,INJECTION WELL,Injection Well,UAZ_UTRAU,ACTIVE ECO-SENSITIVE,33.26719272,-81.68051191,436619.718,3680923.02,172.52,167.52,186.52,C,187.36,19.34,2,PVC,,3/18/2008,
SRS,GSA,F & H-AREA HAZARDOUS WASTE MANAGEMENT FACILITIES  (GROUNDWATER),FSI-033,INJECTION WELL,Injection Well,UAZ_UTRAU,ACTIVE ECO-SENSITIVE,33.26694749,-81.68034073,436635.484,3680895.729,170.07,165.07,184.57,C,185.38,19.84,2,PVC,,3/18/2008,
SRS,GSA,F & H-AREA HAZARDOUS WASTE MANAGEMENT FACILITIES  (GROUNDWATER),FSI-034,INJECTION WELL,Injection Well,UAZ_UTRAU,ACTIVE ECO-SENSITIVE,33.26687639,-81.68060501,436610.818,3680888.006,169.17,164.17,183.84,C,184.75,20,2,PVC,,3/14/2008,
SRS,GSA,F-AREA WETLANDS PIEZOMETERS FOR WATER TABLE MONITORING,FSP-002A,PIEZOMETER WELL,Wetland Piezometer,UAZ_UTRAU,ACTIVE ECO-SENSITIVE,33.26695033,-81.67885304,436774.047,3680895.143,163.5,161,183.5,C,186.7,25.5,2,PVC,,1/22/2002,
SRS,GSA,F-AREA WETLANDS PIEZOMETERS FOR WATER TABLE MONITORING,FSP-002B,PIEZOMETER WELL,Wetland Piezometer,UAZ_UTRAU,ACTIVE ECO-SENSITIVE,33.2669516,-81.67885993,436773.406,3680895.287,180.8,175.8,183.8,C,186.79,11,2,PVC,,1/22/2002,
SRS,GSA,F & H-AREA HAZARDOUS WASTE MANAGEMENT FACILITIES  (GROUNDWATER),FSP-047A,SEEPLINE,Wetland Piezometer,UAZ_UTRAU,ACTIVE ECO-SENSITIVE,33.27116289,-81.6765265,436993.762,3681360.76,186.8,184.31,198.3,C,200.68,16.21,2,PVC,NONE,3/4/2004,
SRS,GSA,F & H-AREA HAZARDOUS WASTE MANAGEMENT FACILITIES  (GROUNDWATER),FSP-072A,SEEPLINE,Wetland Piezometer,UAZ_UTRAU,ACTIVE ECO-SENSITIVE,33.27369953,-81.6699964,437603.739,3681638.064,178.8,176.3,194.8,C,197.76,21.5,2,PVC,,1/30/2002,
SRS,GSA,F & H-AREA HAZARDOUS WASTE MANAGEMENT FACILITIES  (GROUNDWATER),FSP-072B,SEEPLINE,Wetland Piezometer,UAZ_UTRAU,ACTIVE ECO-SENSITIVE,33.27370442,-81.67000069,437603.342,3681638.608,189.8,184.8,194.8,C,197.76,13,2,PVC,,1/30/2002,
SRS,GSA,F & H-AREA HAZARDOUS WASTE MANAGEMENT FACILITIES  (GROUNDWATER),FSP-012A,SEEPLINE,Wetland Piezometer,UAZ_UTRAU,ACTIVE ECO-SENSITIVE,33.26956149,-81.6790749,436755.266,3681184.762,188.78,186.27,200.7,C,203.37,16.93,2,PVC,NONE,3/9/2004,
SRS,GSA,F & H-AREA HAZARDOUS WASTE MANAGEMENT FACILITIES  (GROUNDWATER),FSP-204A,SEEPLINE,Wetland Piezometer,UAZ_UTRAU,ACTIVE ECO-SENSITIVE,33.26753297,-81.68058672,436612.996,3680960.787,178.27,175.78,190.5,C,192.92,17.17,2,PVC,NONE,3/5/2004,
SRS,GSA,F & H-AREA HAZARDOUS WASTE MANAGEMENT FACILITIES  (GROUNDWATER),FSP-226A,SEEPLINE,Wetland Piezometer,UAZ_UTRAU,ACTIVE ECO-SENSITIVE,33.26718594,-81.68118874,436556.675,3680922.679,177.41,174.9,189.5,C,192.01,17.05,2,PVC,NONE,3/8/2004,
SRS,GSA,F-AREA WETLANDS PIEZOMETERS FOR WATER TABLE MONITORING,FSP-249A,PIEZOMETER WELL,Wetland Piezometer,UAZ_UTRAU,ACTIVE ECO-SENSITIVE,33.26563448,-81.68265524,436418.964,3680751.569,173,170.5,185.5,C,188.24,18,2,PVC,,1/23/2002,
SRS,GSA,F-AREA WETLANDS PIEZOMETERS FOR WATER TABLE MONITORING,FSP-249B,PIEZOMETER WELL,Wetland Piezometer,UAZ_UTRAU,ACTIVE ECO-SENSITIVE,33.2656443,-81.68266005,436418.523,3680752.661,182.7,177.7,185.7,C,187.89,10.5,2,PVC,,1/23/2002,
